date,non_nan_count
1987-12,3355
1988-01,3369
1988-02,3364
1988-03,3361
1988-04,3375
1988-05,3385
1988-06,3404
1988-07,3441
1988-08,3469
1988-09,3521
1988-10,3546
1988-11,3568
1988-12,3596
1989-01,3661
1989-02,3673
1989-03,3690
1989-04,3693
1989-05,3681
1989-06,3696
1989-07,3698
1989-08,3690
1989-09,3696
1989-10,3682
1989-11,3669
1989-12,3657
1990-01,3655
1990-02,3660
1990-03,3660
1990-04,3656
1990-05,3640
1990-06,3650
1990-07,3660
1990-08,3670
1990-09,3681
1990-10,3692
1990-11,3719
1990-12,3732
1991-01,3759
1991-02,3766
1991-03,3769
1991-04,3789
1991-05,3815
1991-06,3854
1991-07,3914
1991-08,3950
1991-09,3978
1991-10,4012
1991-11,4051
1991-12,4095
1992-01,4141
1992-02,4165
1992-03,4185
1992-04,4208
1992-05,4207
1992-06,4226
1992-07,4259
1992-08,4300
1992-09,4320
1992-10,4361
1992-11,4369
1992-12,4350
1993-01,4347
1993-02,4331
1993-03,4332
1993-04,4335
1993-05,4347
1993-06,4346
1993-07,4363
1993-08,4372
1993-09,4379
1993-10,4390
1993-11,4406
1993-12,4411
1994-01,4413
1994-02,4417
1994-03,4415
1994-04,4407
1994-05,4407
1994-06,4417
1994-07,4412
1994-08,4419
1994-09,4409
1994-10,4411
1994-11,4394
1994-12,4407
1995-01,4414
1995-02,4410
1995-03,4419
1995-04,4424
1995-05,4440
1995-06,4435
1995-07,4446
1995-08,4455
1995-09,4447
1995-10,4426
1995-11,4412
1995-12,4388
1996-01,4376
1996-02,4359
1996-03,4352
1996-04,4354
1996-05,4368
1996-06,4371
1996-07,4394
1996-08,4415
1996-09,4420
1996-10,4432
1996-11,4450
1996-12,4464
1997-01,4475
1997-02,4488
1997-03,4507
1997-04,4563
1997-05,4565
1997-06,4568
1997-07,4584
1997-08,4601
1997-09,4594
1997-10,4602
1997-11,4601
1997-12,4601
1998-01,4613
1998-02,4597
1998-03,4605
1998-04,4640
1998-05,4640
1998-06,4666
1998-07,4702
1998-08,4719
1998-09,4713
1998-10,4737
1998-11,4731
1998-12,4765
1999-01,4814
1999-02,4807
1999-03,4816
1999-04,4847
1999-05,4835
1999-06,4838
1999-07,4835
1999-08,4812
1999-09,4807
1999-10,4781
1999-11,4791
1999-12,4798
2000-01,4796
2000-02,4761
2000-03,4762
2000-04,4758
2000-05,4745
2000-06,4738
2000-07,4745
2000-08,4734
2000-09,4714
2000-10,4683
2000-11,4681
2000-12,4679
2001-01,4698
2001-02,4688
2001-03,4677
2001-04,4674
2001-05,4679
2001-06,4708
2001-07,4713
2001-08,4722
2001-09,4728
2001-10,4727
2001-11,4752
2001-12,4775
2002-01,4785
2002-02,4790
2002-03,4778
2002-04,4773
2002-05,4772
2002-06,4773
2002-07,4772
2002-08,4785
2002-09,4770
2002-10,4771
2002-11,4798
2002-12,4793
2003-01,4797
2003-02,4780
2003-03,4775
2003-04,4785
2003-05,4804
2003-06,4804
2003-07,4822
2003-08,4843
2003-09,4832
2003-10,4806
2003-11,4786
2003-12,4777
2004-01,4791
2004-02,4802
2004-03,4794
2004-04,4786
2004-05,4788
2004-06,4768
2004-07,4778
2004-08,4804
2004-09,4805
2004-10,4800
2004-11,4815
2004-12,4824
2005-01,4826
2005-02,4812
2005-03,4821
2005-04,4829
2005-05,4852
2005-06,4855
2005-07,4862
2005-08,4882
2005-09,4888
2005-10,4890
2005-11,4877
2005-12,4858
2006-01,4848
2006-02,4837
2006-03,4820
2006-04,4808
2006-05,4795
2006-06,4784
2006-07,4788
2006-08,4791
2006-09,4768
2006-10,4750
2006-11,4741
2006-12,4723
2007-01,4712
2007-02,4695
2007-03,4669
2007-04,4649
2007-05,4611
2007-06,4588
2007-07,4562
2007-08,4547
2007-09,4513
2007-10,4490
2007-11,4480
2007-12,4500
2008-01,4489
2008-02,4466
2008-03,4451
2008-04,4430
2008-05,4419
2008-06,4402
2008-07,4397
2008-08,4392
2008-09,4385
2008-10,4383
2008-11,4368
2008-12,4362
2009-01,4372
2009-02,4365
2009-03,4361
2009-04,4374
2009-05,4372
2009-06,4380
2009-07,4385
2009-08,4405
2009-09,4398
2009-10,4395
2009-11,4400
2009-12,4398
2010-01,4411
2010-02,4413
2010-03,4418
2010-04,4423
2010-05,4410
2010-06,4403
2010-07,4432
2010-08,4443
2010-09,4459
2010-10,4456
2010-11,4460
2010-12,4477
2011-01,4495
2011-02,4492
2011-03,4488
2011-04,4488
2011-05,4475
2011-06,4481
2011-07,4537
2011-08,4548
2011-09,4541
2011-10,4555
2011-11,4560
2011-12,4585
2012-01,4604
2012-02,4631
2012-03,4677
2012-04,4699
2012-05,4708
2012-06,4741
2012-07,4758
2012-08,4768
2012-09,4774
2012-10,4776
2012-11,4792
2012-12,4823
2013-01,4844
2013-02,4840
2013-03,4831
2013-04,4828
2013-05,4815
2013-06,4817
2013-07,4822
2013-08,4831
2013-09,4818
2013-10,4803
2013-11,4791
2013-12,4810
2014-01,4791
2014-02,4792
2014-03,4784
2014-04,4775
2014-05,4767
2014-06,4760
2014-07,4768
2014-08,4766
2014-09,4745
2014-10,4747
2014-11,4748
2014-12,4752
2015-01,4762
2015-02,4760
2015-03,4769
2015-04,4786
2015-05,4808
2015-06,4801
2015-07,4805
2015-08,4812
2015-09,4807
2015-10,4825
2015-11,4818
2015-12,4815
2016-01,4827
2016-02,4833
2016-03,4825
2016-04,4811
2016-05,4835
2016-06,4840
2016-07,4825
2016-08,4814
2016-09,4814
2016-10,4819
2016-11,4816
2016-12,4822
2017-01,4826
2017-02,4823
2017-03,4849
2017-04,4861
2017-05,4870
2017-06,4866
2017-07,4866
2017-08,4853
2017-09,4847
2017-10,4841
2017-11,4850
2017-12,4857
2018-01,4859
2018-02,4856
2018-03,4814
2018-04,4811
2018-05,4819
2018-06,4843
2018-07,4855
2018-08,4866
2018-09,4869
2018-10,4877
2018-11,4896
2018-12,4907
2019-01,4899
2019-02,4908
2019-03,4917
2019-04,4943
2019-05,4958
2019-06,4979
2019-07,5013
2019-08,5033
2019-09,5033
2019-10,5040
2019-11,5059
2019-12,5088
2020-01,5093
2020-02,5091
2020-03,5096
2020-04,5101
2020-05,5110
2020-06,5117
2020-07,5129
2020-08,5162
2020-09,5163
2020-10,5176
2020-11,5179
2020-12,5196
2021-01,5206
2021-02,5182
2021-03,5162
2021-04,5173
2021-05,5186
2021-06,5197
2021-07,5212
2021-08,5219
2021-09,5206
2021-10,5226
2021-11,5231
2021-12,5241
2022-01,5254
2022-02,5252
2022-03,5253
2022-04,5248
2022-05,5266
2022-06,5282
2022-07,5309
2022-08,5312
2022-09,5301
2022-10,5325
2022-11,5351
2022-12,5401
2023-01,5404
2023-02,5399
2023-03,5413
2023-04,5428
2023-05,5462
2023-06,5474
2023-07,5507
2023-08,5526
2023-09,5516
2023-10,5524
2023-11,5544
2023-12,5541
2024-01,5541
2024-02,5530
2024-03,5525
2024-04,5529
2024-05,5561
2024-06,5588
2024-07,5591
2024-08,5614
2024-09,5604
2024-10,5624
2024-11,5640
