date,Top_stocks
2024-11,"15058,91457,86536,22323,15287,15056,93337,19628,54704,91907,92380,15303,14877,13455,18259,76711,18054,15542,85293,63715,70704,18217,19862,17358,87656,82747,17877,85744,10779,16120,19313,19592,17141,18824,90298,92619,15286,17444,88240"
2024-10,"15287,15058,86536,91457,22323,15056,92130,93337,19628,91907,18054,54704,82747,18824,15542,15303,18259,92619,14877,70704,17141,18217,19862,10779,92380,50606,18827,16998,19592,63715,19008,15796,91366,76711,17444,90298,86115,18836,80050"
2024-09,"15058,15287,91457,86536,22323,18054,91907,92619,93337,18824,54704,19862,15056,18259,18217,19628,15303,50606,18827,18670,70704,14877,88240,90298,15542,82747,18224,32791,92380,63715,15796,19592,17141,14092,19008,17444,17877,16998,92518"
2024-08,"15058,91457,18054,15287,86536,91907,92619,93337,22323,12060,19628,18224,92380,18824,15542,17141,18827,15303,50606,82747,90298,16680,15286,16108,70704,16318,19592,15056,18217,32791,15796,19862,86115,13750,14877,14545,14092,17877"
2024-07,"15058,86536,18054,15287,91907,93337,92619,18224,12060,18824,88240,92380,15303,15542,19592,91457,70704,50606,18827,90298,16108,86115,82747,16318,32791,15286,14877,54704,18217,17444,15796,15056,63715,17039,17877,14092,19628,17141"
2024-06,"15058,86536,91907,18054,15287,18224,15303,92619,93337,18824,12060,15542,92380,90298,82747,70704,19862,91457,18217,19592,50606,15833,19008,15286,16318,18827,13976,13750,14546,15796,17039,85272,54704,16108,86115,16005,65270,89547"
2024-05,"15058,86536,18224,91907,15287,18824,18054,12060,93337,15303,92619,18217,17039,15542,90298,70704,92380,19008,50606,82747,19592,13750,15833,18399,18827,16689,16318,15416,65270,54704,91457,19862,16400,16776,85272,89547,15796,86115"
2024-04,"15058,18224,91907,15287,86536,93337,18824,18054,15303,12060,81084,17039,16689,65270,16318,92380,92619,90298,91457,85272,18827,15542,54704,70704,16377,89547,20336,50606,13750,63715,92102,18901,17968,19008,86115,19628,13202,19592"
2024-03,"18224,15058,91907,15287,18824,93337,12060,87471,17039,81084,86536,65270,92380,92619,18054,18901,16318,16689,93237,90298,17357,70704,91734,92102,89547,50606,79702,47723,85272,19966,13202,18827,50286,54704,92518,49429,93299,16611"
2024-02,"18224,15058,17039,93337,12060,18824,85272,87471,65270,81084,92619,91907,18827,50606,90298,92380,86536,16318,47723,16611,16689,90170,70704,89547,16592,16021,15542,50286,91076,17357,19966,19592,18054,18372,92102,13730,19628"
2024-01,"18224,87471,92619,17690,15058,17039,92380,93337,65270,86536,18824,81084,12060,90298,16689,85272,50286,16021,91907,47723,90170,16611,70704,18827,15542,50606,17357,13844,13750,15172,18372,15268,13730,78170,83520,16592,76934"
2023-12,"18224,87471,92619,17690,16689,17039,85272,47723,16675,65270,16021,15172,15058,11379,86536,90542,93337,92380,12060,85419,18824,81084,78170,13844,15268,12644,17357,90170,91907,91135,50286,13750,18827,14179,50606,18372,16611"
2023-11,"12644,90999,13337,16611,18224,85272,87471,92619,14619,17039,17690,78170,16675,15172,16021,90542,16689,47723,17357,18827,85419,11379,15058,17813,93337,65270,18824,13750,12060,91135,15268,50286,18902,92380,81084,79237"
2023-10,"90999,12644,16611,13337,87471,85272,16675,19460,18224,92619,14619,78170,16021,14708,17039,90542,12060,11379,17690,47723,16086,65270,85419,50286,93337,17357,18827,18824,92380,91135,15642,17813,91734,13844,76127,90371"
2023-09,"12644,90999,16611,92601,13337,18224,87471,16675,85272,92619,90542,14619,14708,12060,16021,50286,11379,78170,17039,85419,91560,65270,93337,92380,91907,17813,47723,16086,49429,15862,16448,13750,18827,76934,90371,50606"
2023-08,"12644,90999,87471,13337,92601,18224,16611,16675,92621,14619,14708,85272,91560,12060,92619,91379,50286,11379,16021,49429,47723,85419,14497,16086,90542,93337,65270,16448,17039,14060,78170,93263,76934,15862,13366,14151"
2023-07,"12644,87471,90999,16673,18224,13337,92601,14619,16611,16675,17372,83520,14497,14708,92621,75573,85272,91379,91560,82526,12060,92619,50286,65270,47723,90986,85419,16086,14813,49429,93263,17039,93337,16021,16448,76934,90496"
2023-06,"12644,90999,87471,93338,13337,13124,16673,92601,14497,16611,16675,92380,18224,14619,83520,14708,92621,82526,45225,17372,91379,75573,16086,12060,85272,14813,91560,90986,93337,13279,17813,91135,10258,47723,85419,18827"
2023-05,"90999,12644,87471,93338,13337,16611,14497,13124,16673,14708,18224,92601,16675,92380,14619,92621,17372,83520,75573,45225,14813,93263,15294,90986,85272,16999,91379,82526,10258,11379,12060,50286,90496,47723,13279,17813"
2023-04,"29102,90999,13337,13124,12644,93338,14708,18224,14619,87471,83520,16611,14497,92601,92380,16999,91305,16021,16673,92621,16675,14179,17372,75573,91379,15294,10258,78170,45225,13244,93263,85419,85272,17813,17869,50286"
2023-03,"29102,90999,87471,12644,13124,14708,14497,13337,93338,17979,16611,83520,14619,18224,91379,16999,16675,92601,17372,75573,16673,17869,13279,45225,92621,14179,15294,93263,10258,85272,86536,50286,15775,14444,16164,81084"
2023-02,"29102,90999,87471,14497,12644,13124,13337,18224,93338,91379,14619,13279,16611,75573,93263,10258,17869,92601,83520,14179,14708,16675,16673,17372,45225,16164,15775,16999,15294,81084,92621,86536,76934,85272,91305,90926"
2023-01,"87471,90999,29102,14708,14497,12644,91379,15793,14610,93263,14619,16611,13124,17869,18224,83520,75573,17372,13337,10258,92601,86536,92621,85272,16675,14179,50286,93338,15294,76934,13323,17272,45225,16673,89134,81084"
2022-12,"29102,14610,90999,87471,14497,12644,91734,14619,13124,93338,87364,18224,91379,14708,88462,17869,13337,92621,91305,92601,16673,93263,17372,14179,83520,75573,15793,10258,93302,45225,13323,17272,81084,16999,16675"
2022-11,"29102,90999,16255,12644,87471,82215,88462,14708,91734,14497,17869,13124,93263,83520,14619,91379,15961,13337,87364,75573,92594,16673,77699,13323,92601,92518,45225,92621,10258,14179,91305,15015,89134,81084,17372"
2022-10,"29102,90999,87471,17854,91734,82215,13124,12644,14497,14708,93263,83520,92594,91379,14619,88462,75573,17869,87364,92518,45225,13337,92601,15961,15775,92621,10258,16675,15057,86233,14179,15015,16673,13323,77699"
2022-09,"29102,90999,87471,91734,13124,83520,17854,12644,82215,75573,45225,93263,91379,14497,87364,14619,92518,92594,81084,16673,17869,92601,16675,92621,15961,15775,88462,10258,13337,14179,14708,89134,15971,15132,77699"
2022-08,"29102,91734,90999,14313,87471,89301,12644,91379,45225,88462,13124,14497,17854,87364,14619,92601,17869,75573,83520,92518,92594,93263,15132,10258,81084,92621,82779,60186,89029,77699,15775,18312,16673,15961,90288"
2022-07,"91283,29102,91734,14313,90999,87471,12644,13124,92594,88462,91379,77699,89301,16673,14497,92621,15396,75573,17869,83520,14619,92601,92518,45225,93263,15961,17854,15132,89029,83883,81084,87364,16675,89134,60186"
2022-06,"91283,29102,12644,91734,90999,91305,13124,89698,87471,92621,75573,14313,14619,88462,14497,16675,83520,92897,15396,89301,45225,91379,16673,83883,92518,17869,60186,93263,92601,93302,15132,16611,13323,92686,10258"
2022-05,"82779,91560,29102,91734,12644,92426,88462,90999,91305,13124,89698,87471,15396,92621,77699,14313,92897,13323,89301,75573,91379,15132,14497,17869,92688,83883,80577,91283,93263,85526,83520,60186,16673,16675,92518"
2022-04,"82779,91560,14615,14813,91734,92426,29102,88462,87471,91305,15132,12644,13124,14313,90999,77699,89698,17869,13844,92897,13323,15396,80577,86233,83520,92621,93263,93083,92518,89029,88518,91283,83883,85526,88471"
2022-03,"65285,82779,91560,91734,14615,88462,14813,91453,29102,92426,15132,87471,12644,91305,14313,85526,13124,80577,89698,90999,13844,13323,92897,15784,89029,16290,86233,88518,93263,75573,15961,87337,50286,15378,15396"
2022-02,"65285,14813,91560,10258,82779,14615,88462,14313,91734,85526,91453,88518,29102,92426,13323,16290,12644,89029,15132,80577,87337,89698,85272,87471,76934,86233,15784,14715,93263,15961,13844,90999,13124,15396,92897"
2022-01,"10258,14813,65285,82779,91560,15132,88462,14313,13323,14615,91627,85526,29102,91734,91453,86233,87337,92426,15784,16290,88518,14715,14536,92213,80577,14133,89029,15396,18312,13844,12644,17313,89698,15961,79213"
2021-12,"10258,14813,82779,91560,65285,91627,14313,88518,13323,88462,85526,91734,29102,89029,14615,91453,15132,87471,92426,93263,16290,15961,87337,12644,17270,86233,90999,13844,15784,79213,13124,14715,13883,92897,89648"
2021-11,"10258,82779,91560,65285,14813,88518,88462,91627,13323,14313,14615,16290,91453,93263,87471,14791,92426,85526,15784,13883,89029,14419,29102,15913,91734,86233,12644,13844,90999,88994,75573,13124,17869,15378,14497"
2021-10,"82779,10258,91560,65285,91627,88462,14813,88518,13323,14615,14313,16290,14419,12840,13844,93263,13883,15784,91734,15913,91453,88994,87471,14791,92426,85526,92131,12644,75573,89301,68145,15132,15961,29102,87337"
2021-09,"82779,10258,91627,88462,65285,88518,91560,13323,92131,90926,14813,14313,16290,87471,13844,13883,12840,14419,68145,12644,88994,85526,93263,91453,81761,29102,75573,15831,16466,87337,15961,15913,83885,77437"
2021-08,"82779,10258,65285,91627,88518,91560,88462,92131,13323,14813,90926,87471,15831,13844,14419,81761,91082,16290,75573,29102,83885,12644,12840,68145,93263,87337,15913,14313,15961,91453,85526,14056,92518,91826"
2021-07,"82779,65285,10258,91627,87471,88518,92131,91560,93371,90926,14813,88462,44813,13844,13323,16974,15831,12644,16290,81761,75573,68145,14056,89301,87337,85526,90976,12840,29102,15913,93263,91082,92426,83885"
2021-06,"82779,65285,10258,87471,13411,88518,92131,93371,91560,91627,12579,14813,81761,68145,13323,90926,16290,90483,90976,14497,16974,12644,15913,92426,15831,75573,14580,86098,87337,85526,91082,17270,15961"
2021-05,"82779,90483,65285,88518,91560,93371,13323,87471,13411,10258,17313,12579,14813,81761,16290,90976,91082,68145,14497,88511,92131,87337,90926,14580,75573,15831,91627,16974,86098,83885,88994,12644,89301"
2021-04,"15508,82779,93371,90483,13328,88518,13323,91560,65285,90976,13411,15831,14580,14813,87337,16290,91082,14497,12840,12579,14325,68145,81761,86098,75573,15961,16309,29102,15913,88994,88511,14313"
2021-03,"82779,15508,13328,14720,13323,13411,87337,48072,91627,93371,14325,86098,15831,88518,90483,65285,90976,16290,12579,14580,88511,89301,91560,15375,14497,88994,17313,16670,75573,81761,68145,15961"
2021-02,"13323,13411,15508,82779,13328,14325,14720,15831,88518,87337,86098,14536,16309,91560,65285,91627,14580,93371,81761,17045,88994,90976,88511,16968,16140,92466,16655,80069,16670,91082,14797"
2021-01,"82779,13411,13323,13328,14325,15508,81761,88518,16309,93371,15913,14536,88994,80069,14497,86098,17045,14419,92594,57913,16140,16670,14720,16655,15831,15015,15382,93012,65285,15221,92466"
2020-12,"82779,14325,13328,13323,13411,15508,16670,88518,80069,14497,15382,15221,15436,14536,15831,16309,16655,88994,65285,89648,16140,17045,15015,68145,14245,72119,12527,15643,81761,15358"
2020-11,"82779,15913,13323,14325,13918,13328,15508,88518,13411,16670,16655,14497,15831,15436,65285,15643,80069,16699,93371,14536,57913,15358,16290,72119,15382,88994,15914,15961,15015"
2020-10,"14325,82779,13323,13918,15508,13328,65285,88518,16670,16655,14497,15221,15436,15831,14536,13411,15015,14720,16699,15643,72119,80069,15913,88994,14797,14245,15358,16140,93371"
2020-09,"82779,14325,89169,13323,12350,13918,13328,15508,15221,15015,88994,14536,80069,12527,57913,15831,65285,81761,10253,88518,14797,16699,92518,90926,15436,14296,92594,88807"
2020-08,"14325,89169,82779,13323,13918,14797,80069,15221,15015,13328,12350,93371,57913,15508,14536,15831,14245,88518,13693,10253,16699,65285,15358,86916,14296,88807,72119,16649"
2020-07,"14325,13323,82779,89169,15015,13918,14797,80069,13328,14536,15831,14296,14791,15436,14466,16699,93371,14245,15221,12266,10253,15508,79039,92518,72119,15358,16649,88807"
2020-06,"44813,14325,13323,13918,15831,14797,80069,15015,82779,14536,13328,88807,14826,14466,12266,92518,93371,14296,72119,15221,92686,14245,12452,16655,83883,50606,16670"
2020-05,"44813,14325,13323,14797,13116,80069,82779,15015,15831,13918,92518,14466,14826,12266,72119,50606,14536,15506,13328,15221,77569,14136,15585,83883,89698,15789,15833"
2020-04,"44813,14325,13323,15831,80069,90101,14797,15015,13116,82779,13918,50606,14826,65285,15221,12266,15789,14466,80577,83883,14133,14136,89698,72119,92518,14818"
2020-03,"44813,14325,90101,15831,80069,13323,15015,88462,14133,14468,15221,14610,14797,89698,50606,12266,65285,15789,13116,72119,14466,14296,92665,80577,15358,13918"
2020-02,"44813,90101,80069,12266,14325,15831,13323,14135,15221,15789,14466,91184,92665,92426,88518,13918,93299,13116,13751,92518,72119,88462,89698,14797,65285,50606,16309"
2020-01,"44813,80069,14325,13323,12266,13116,90101,14135,12579,92426,88518,92665,15789,76038,72119,80577,14466,16309,89698,91184,14136,92518,14826,13751,65285,15358,89029"
2019-12,"44813,80069,14325,13116,12266,13323,65285,92426,88471,76038,72119,90101,92665,14135,15789,88518,14536,15072,80577,14466,89698,13328,91184,16309,15358,93299"
2019-11,"90101,44813,13116,13323,15285,14826,12266,92426,15789,65285,92665,88471,72119,76038,14325,14536,88518,50606,12579,13328,89698,14135,15506,93299,15358,15072"
2019-10,"10333,15285,13844,13323,44813,13116,14826,12266,72119,92426,76038,15506,15789,92665,14325,88471,15358,14135,16309,14536,89698,91021,91664,91832,88518,14466"
2019-09,"15285,10333,13844,13116,92665,12266,13323,44813,14826,72119,92426,76038,15789,15506,13328,88471,14536,14325,84511,14245,90595,92252,15358,91832,14466,87437"
2019-08,"15285,83762,13116,10333,92665,13844,44813,12266,91832,77437,14826,13328,91348,14466,90595,13693,13323,87437,14245,14325,14663,92426,14135,88471,15506,15358"
2019-07,"91832,10333,15285,90101,92665,90595,77437,15597,14245,91348,76038,13844,12266,88471,13116,90885,87437,15171,92426,13693,14325,15358,13751,14663,44813,13328"
2019-06,"91832,79444,90496,90101,91836,13751,15285,91348,92665,15597,76963,10333,90595,88863,77437,15429,44813,12266,14245,92470,76038,13328,13844,14056,88471,14325"
2019-05,"91832,90496,15285,76963,79444,90101,77437,90595,91836,12350,10333,88863,91348,12266,15429,14135,79122,13328,87437,76038,13751,13693,14245,89889,14536,72119"
2019-04,"91832,90496,15285,77437,79444,90101,76963,12350,91836,10333,12397,90595,13116,88863,13328,79122,15597,87437,15429,12488,13279,76038,14135,13751,92470,11644"
2019-03,"91832,90496,15285,12350,90101,12397,77437,76963,91836,88863,10333,13328,13116,79444,79122,92470,90595,61241,87437,15597,13279,12488,85002,12266,92213"
2019-02,"91832,90496,12397,89547,12350,92470,90101,91836,90595,10333,89898,76963,13328,79122,88863,85002,87437,13751,61241,84566,84511,15285,15597,12488,13116"
2019-01,"91832,90496,12350,89547,12397,90101,89898,91836,92470,76963,90595,10333,12488,79122,91348,44813,87437,88863,13328,13350,88417,14610,61241,84511,10966"
2018-12,"91832,90496,12397,89898,90101,76963,12350,89547,91836,91348,92470,87437,79122,10333,12488,90595,77437,88863,61241,13328,80054,15597,10966,44813"
2018-11,"91832,12350,90496,88240,90101,89898,77437,89547,76963,91836,61241,10333,89175,92213,92345,87437,14596,86580,91348,88863,14135,12488,92470,79122,13328"
2018-10,"91832,90496,12350,89898,10333,88240,92213,90101,91836,76963,61241,14596,89547,87437,89244,86580,76038,15365,10966,91348,38850,12488,14135,13328,89175"
2018-09,"91832,90496,12350,10333,76963,89898,90101,88240,92213,89244,91836,90595,13328,15365,86580,61241,10966,87437,89547,89175,10253,14596,38850,12488,92557"
2018-08,"91832,90496,10333,90101,89244,89898,12350,76963,90595,10966,91836,92213,86580,88240,38850,89547,13328,89175,11644,61241,87437,14596,10253,12488,88417"
2018-07,"91832,90496,90101,89898,90595,76963,12350,10966,92213,89244,91836,86580,38850,91184,87437,89547,88240,13328,88417,12488,14596,90476,80539,86990"
2018-06,"91832,90496,90595,89898,90101,76963,91836,92213,10966,12350,89244,91184,86580,87437,89547,38850,80539,14616,14468,88417,10333,88159,86990,14596"
2018-05,"90595,91832,90496,90101,76963,91836,89898,92213,91184,80539,10966,86580,88417,87437,88159,88173,89244,14616,86990,10333,12226,38850,85002,12350"
2018-04,"90595,91832,90101,92213,76963,91836,90496,90640,87437,86580,88417,88159,14616,89244,88173,91184,10966,80539,93306,13844,10333,12488,14882,86990"
2018-03,"90595,91832,92213,90101,87437,90496,90640,91836,76963,88173,86580,88159,14616,91184,88417,10333,10966,14882,93306,90125,92775,14596,92345,80539"
2018-02,"90595,92213,91832,90101,87437,88159,88417,91836,88173,86580,10333,12350,76963,90496,14882,14616,92775,10966,91742,93306,14596,93067,90125,92345"
2018-01,"90595,90101,91832,88159,88417,88173,76963,91836,87437,86580,10333,90496,92213,14616,14882,10966,92345,77610,93067,12497,92775,90125,92091,14596"
2017-12,"90595,90101,76963,46834,91832,88417,88159,91836,88173,86580,87437,90496,10966,92486,90125,92345,14882,93067,92775,14596,93306,77610,77780"
2017-11,"90595,46834,90101,76963,91832,88159,90029,88417,87437,91836,86580,90496,88173,92486,10966,92775,14882,14166,90125,93067,92345,85035,14596"
2017-10,"46834,90595,76963,88159,87437,90029,88173,88417,90101,86580,92486,91836,90496,10966,92775,85035,58836,90125,76839,93067,91832,14882,14616"
2017-09,"46834,90595,76963,91836,90029,88417,88173,87437,92486,90101,86580,90496,92775,88159,87043,10966,93067,58836,76839,85035,92345,47387,12226"
2017-08,"46834,90595,76963,91836,88417,88173,87437,90101,90496,86580,92486,10966,92775,58836,90029,12226,87043,88159,87439,93067,85035,76839"
2017-07,"46834,90595,12497,91836,76963,88417,88173,87437,85035,90955,86580,90101,87043,90496,12226,93067,58836,92486,87439,88159,10966,92775"
2017-06,"46834,90595,12497,91836,76963,90101,88173,88417,87437,90496,90955,12226,85035,87043,88159,93067,58836,92486,92775,86580,12339,14459"
2017-05,"46834,12497,90595,76963,88417,91836,88173,12226,85502,85035,93067,90496,91625,58836,88159,87437,86580,92486,14459,77175,12339,77437"
2017-04,"90595,46834,12497,91836,88173,76963,85035,93067,88417,12226,87437,91625,88159,86580,58836,90496,77437,88362,85502,14459,77780,91815"
2017-03,"90595,46834,12497,76963,93067,85035,88173,12226,88417,91836,86580,91625,14166,58836,90496,87437,77780,91815,85502,87439,77175,83382"
2017-02,"76963,46834,90595,85035,12226,93067,88173,91836,86580,88417,87439,58836,92089,77780,91815,77175,87437,91625,90496,86887,14166,77437"
2017-01,"46834,76963,90595,85035,12226,88173,93067,77437,86580,88417,91836,92089,87439,83534,58836,87437,77175,93069,91625,12488,85502,14166"
2016-12,"46834,90595,85035,83382,76963,12226,88173,88417,58836,90029,93067,12497,86580,83534,90496,85397,91625,89875,12339,12488,92089,10257"
2016-11,"46834,76963,83382,85035,90029,12226,89169,88173,89875,93067,88417,86444,83534,12488,91348,58836,93069,90496,85397,91625,12078"
2016-10,"46834,76963,90029,89169,83382,85035,84511,12226,93069,89875,88173,12488,88417,12078,93067,91625,58836,90496,31668,86444,83534"
2016-09,"76963,46834,85035,83382,90029,89169,89875,12226,84511,93067,88173,12488,93069,10257,86444,88417,58836,12339,90744,13783,12078"
2016-08,"76963,46834,83382,90029,85035,93067,89875,93126,12226,58836,88173,10257,84511,86444,12339,77699,92486,92775,13783,87337,93002"
2016-07,"89875,90029,86444,46834,83382,86233,85035,93067,84511,87439,93126,88173,58836,77699,12226,92486,10257,12339,87337,92775,13407"
2016-06,"89875,86444,83382,46834,86233,93126,85035,93371,90126,93067,90029,58836,88173,87337,12339,80341,10257,84511,12226,13407,92486"
2016-05,"89875,86165,46834,86444,86233,87337,83382,84511,85035,93237,90029,77699,80341,93126,58836,88173,93067,90126,12339,92486,13706"
2016-04,"89875,83382,86165,46834,86444,87337,93237,85035,90029,91607,77699,80341,90126,93067,12339,12226,58836,93380,93436,92775"
2016-03,"89875,46834,83382,90029,87337,86444,93237,86165,85035,90126,85293,13706,80341,93067,80306,58836,93436,12226,12339,88173"
2016-02,"89875,46834,86165,13706,86444,85035,83382,90126,90029,12226,92486,58836,91607,93436,80306,88173,83534,90177,79906,12339"
2016-01,"89875,90126,83382,86165,85293,86444,46834,85035,90029,13706,39731,90177,83989,92486,58836,80306,83534,79906,93436,91607"
2015-12,"89875,85293,86165,83382,46834,90126,86444,85035,58836,91607,39731,90029,93067,83989,92775,90177,79906,83534,90664,91606"
2015-11,"89875,85293,83382,86165,90177,85035,90126,93436,58836,86949,86444,13634,93126,79906,80341,91625,90664,92775,91607,83989"
2015-10,"89875,83382,86165,90177,85035,86444,93371,58836,93436,90126,52337,86949,92775,91607,80341,79906,90664,93126,88485,90029"
2015-09,"89875,90177,83382,86165,93371,85035,86444,52337,58836,84184,91607,93436,83989,39731,91625,90126,88351,90029,93380,90608"
2015-08,"92521,89875,86165,90177,81013,83382,85035,86444,93371,92917,93380,52337,89393,87508,58836,91607,10200,93436,90126,83989"
2015-07,"85002,92521,86165,93371,83382,90177,81013,89875,85035,86444,58836,92917,90943,87508,90178,83989,52337,39731,90126,88779"
2015-06,"89875,93371,92089,92521,90177,86444,81013,85002,86165,88779,85035,92917,83382,58836,87508,91607,90943,52337,90178,83989"
2015-05,"89875,93371,90177,88779,85035,92089,81013,92521,85002,86444,92917,83382,87508,58836,86165,80969,91607,52337,90178,90943"
2015-04,"89875,88779,84184,81013,90177,92521,87508,83382,85035,92089,93371,58836,86444,92917,34666,80969,12583,91607,90178,85002"
2015-03,"89875,81013,83382,90177,84184,92521,88779,85035,86444,85002,58836,12583,12411,92089,93371,80969,92917,87508,76661,52337"
2015-02,"89875,83382,92521,90177,81013,88779,85002,84184,92089,86444,58836,86165,52337,90178,92775,80969,12583,92917,61496"
2015-01,"21020,89875,86728,90177,83382,85002,86444,92521,81013,88779,84184,92089,58836,90178,86165,61496,12583,92917,87508"
2014-12,"21020,86728,90177,85002,86444,83382,92521,88779,61496,84184,81013,89875,86165,90178,12583,92089,52337,58836,92986"
2014-11,"86165,80069,86728,85002,61496,90177,83382,92521,92917,80812,86444,88779,21020,81013,52337,92089,12411,89875,91607"
2014-10,"86165,92089,80069,92917,92521,86728,88779,61496,90177,83382,85002,86444,81013,52337,80812,21020,89875,80193,12411"
2014-09,"86165,92089,86728,80069,83382,61496,85002,88779,90177,86444,81013,92917,12583,21020,90175,52337,89875,93436,34666"
2014-08,"80069,61496,85002,86165,92089,86444,83382,86728,90177,89875,21020,12583,81013,93436,52337,88779,92470,34666,91283"
2014-07,"80069,85002,61496,83382,86728,92089,90177,86165,89875,81013,90175,92917,52337,21020,93436,92589,37154,79150,12583"
2014-06,"86165,85002,80069,83382,61496,86728,90175,92089,90298,90177,89875,92917,88779,37154,52337,93436,81013,79150,78081"
2014-05,"86165,80069,61496,83382,89875,85002,90175,87337,86728,92089,18148,37154,90177,93436,88779,92917,12411,89935,81013"
2014-04,"11636,80069,86165,90177,83382,85002,61496,89875,90175,37154,12583,18148,86728,93436,88779,90178,76614,92917,10258"
2014-03,"88351,11636,80069,61496,90177,83382,85002,18148,90175,86165,89875,12583,37154,88779,76614,86728,90178,93436,89505"
2014-02,"88351,83382,37154,90177,18148,61496,80069,90907,89916,89875,86728,85002,84184,90175,88779,76614,83989,39731"
2014-01,"88351,90177,61496,37154,84184,18148,86728,86581,90907,80069,90175,76614,85002,89875,89916,89935,22779,93073"
2013-12,"90177,85002,88351,61496,84184,90907,86728,18148,52337,86581,82156,76614,89935,90175,89916,22779,37154,90400"
2013-11,"90177,78081,85002,88351,61496,90907,86728,90783,84184,76614,89935,93073,52337,82156,18148,93436,90175,92096"
2013-10,"78081,90177,88351,85002,90783,86728,61496,90175,90907,84184,76614,93436,52337,92096,90400,82156,18148,84319"
2013-09,"78081,90177,85002,90175,88351,90783,87508,90907,76614,61496,52337,84184,89935,89916,90400,84319,92096,86581"
2013-08,"78081,85002,88351,90783,90177,90175,10333,87508,90907,61496,52337,84184,76614,92096,22779,86581,86165"
2013-07,"85002,78081,88351,90783,87508,90175,90177,90907,52337,76614,61496,10333,82156,22779,92096,84319,92326"
2013-06,"85002,78081,87508,90175,88351,90783,90177,22779,84184,61496,10333,52337,76614,92096,90907,92326,18148"
2013-05,"85002,87508,78081,90175,22779,84184,90783,52337,88351,76614,92326,18148,84319,90907,92557,91215,92096"
2013-04,"85002,87508,90175,78081,90783,22779,18148,84184,52337,84319,92326,76614,90907,87583,85663,92096,79122"
2013-03,"85002,90175,78081,90783,22779,79122,89935,87508,52337,92326,76614,84319,85663,88167,90907,84184,61496"
2013-02,"85002,90175,78081,89935,22779,90783,88351,79122,81013,76614,88167,85177,92326,61496,87508,84184,84511"
2013-01,"85002,90175,88351,78081,81013,79122,90783,18148,76614,61496,22779,92096,87583,92326,87508,73219,88167"
2012-12,"77505,85002,90907,90175,90783,79122,81013,88351,61496,90098,78081,76614,75603,87508,92981,92096,90400"
2012-11,"77505,90907,90175,82261,85002,78081,76614,90400,81013,92096,79122,75603,90783,61496,88167,18148,85539"
2012-10,"77505,90175,82261,85002,79122,81013,85013,90907,10890,76614,75603,78081,91604,85177,90400,85539"
2012-09,"77505,82261,90175,85013,79122,91283,86489,85539,78081,80069,10890,75603,92322,87430,88167,22779"
2012-08,"77505,85013,90175,82261,79108,91283,79122,10890,75578,92557,85539,61496,85397,86489,89916,92322"
2012-07,"86489,90175,77505,85013,79108,82261,91283,92096,75578,85397,92570,10890,77117,90568,80069,61496"
2012-06,"92096,77505,86489,61496,85013,90175,10890,82261,79108,92570,80069,91283,90568,72304,88181,85397"
2012-05,"92096,77505,86489,61496,79108,90175,92570,24441,10890,85013,75578,90314,72304,91283,90907,86547"
2012-04,"92096,77505,86489,79108,10890,92570,24441,90314,90175,90505,91090,85013,91283,90377,92029,75578"
2012-03,"88319,86489,92096,10890,79108,92570,77505,24441,90716,90505,90314,92029,78044,90377,88439,91090"
2012-02,"88319,86489,92096,24441,77505,79108,88988,10890,90716,92570,88181,80924,90377,90175,92029,91090"
2012-01,"88319,86489,24441,88988,10890,90716,77505,79033,92096,82261,90608,79108,92570,89916,80924,88863"
2011-12,"88319,86489,10890,24441,88988,92096,87043,77505,88863,90716,89965,79033,90377,92570,49429,11154"
2011-11,"88319,24441,86489,88988,77505,88372,89611,92096,88351,90716,88863,90377,10890,79122,91689,91090"
2011-10,"88988,88319,24441,89611,79122,77505,84511,86489,88351,88863,90608,92096,90679,86783,91090,89393"
2011-09,"88351,88319,88988,24441,89611,90679,79122,89393,77505,84511,88863,91090,86489,89941,91186,89971"
2011-08,"82526,88319,88351,88988,77505,89941,86489,88863,90101,89611,89393,24441,79122,88181,90716,84511"
2011-07,"82526,88351,88319,88988,89393,79122,86489,24441,84511,89941,89611,79108,89971,83651,90716,79033"
2011-06,"82526,88319,88351,85397,24441,88988,79108,89941,89393,79033,89611,87430,84511,83651,88181,79122"
2011-05,"82526,85397,88319,24441,88351,89449,87430,92248,10890,89393,79108,88988,83651,89611,79033,84511"
2011-04,"82526,88319,85397,89449,79108,10890,87430,24441,83651,88988,91604,78044,86964,89393,85401,92248"
2011-03,"82526,88319,85397,89449,88620,79108,87430,10890,89393,89169,78044,83651,80054,10258,84511,85401"
2011-02,"82526,89449,85397,88620,79108,78044,89393,90101,85401,10258,10890,89169,24441,80054,87430,86964"
2011-01,"82526,79122,85397,89449,10258,89393,79702,83651,88620,78044,79108,91379,89169,92248,80054,24441"
2010-12,"82526,89449,85397,10258,79122,89393,79108,88620,80054,79702,87430,24441,91379,10890,80635,89169"
2010-11,"82526,89449,85397,10258,79122,89393,79108,88620,80054,24441,10890,89169,79702,87430,82747"
2010-10,"82526,85397,89449,10258,79122,88620,89393,80054,24441,79108,88542,87430,10890,80635,86783"
2010-09,"10258,88620,89449,85397,89393,79108,79122,80054,24441,87430,10890,82747,80635,89648,82526"
2010-08,"89449,10258,89393,85397,79122,79108,87430,24441,89648,80054,79033,77182,88542,83779,80635"
2010-07,"10258,87430,84072,89393,89449,79108,79122,12266,24441,80635,80054,89169,85397,91627,88542"
2010-06,"87430,10258,84072,82747,79108,24441,90857,89449,89393,86783,80635,82526,91627,79122,80054"
2010-05,"87430,84072,82747,10258,90857,79108,86783,10890,89449,83779,88260,82526,24441,81741,80635"
2010-04,"87430,84072,90857,37154,82747,79108,86783,10890,78875,83779,24441,10258,89449,91627,82526"
2010-03,"84072,37154,87430,90857,83779,86783,82747,79108,10890,84788,78875,82649,10258,24441,12266"
2010-02,"84072,37154,86783,87430,10890,91611,24441,77175,82526,78875,83779,84788,80635,10258,89449"
2010-01,"37154,84072,82526,86783,24441,82171,10890,91611,90857,87430,84788,77175,10258,90829,20598"
2009-12,"37154,84072,82526,87430,91611,10890,86783,24441,90829,85757,81741,82171,20598,90857,77175"
2009-11,"37154,82526,84072,90857,79499,82747,90829,24441,86783,85757,20598,82171,10258,83779,87430"
2009-10,"82526,37154,84072,85401,90829,10258,20598,82171,86783,90857,83779,77175,49138,24441,79879"
2009-09,"85401,82526,84072,37154,10258,90829,82171,90857,20598,86783,83779,91233,89449,77175,90386"
2009-08,"85401,84072,10258,37154,90829,82526,90857,86783,83779,20598,91233,82171,84788,90436"
2009-07,"84072,10258,90829,85401,82171,83779,37154,86783,91233,20598,82526,90386,90857,77175"
2009-06,"10258,84072,85401,90829,91233,20598,82171,86783,90857,84519,77175,89655,90386,90436"
2009-05,"84072,85401,90829,10258,86783,20598,90857,90386,81741,83779,82171,90118,89952,84788"
2009-04,"84072,90829,86783,85401,20598,82508,90386,10258,90857,76708,85394,89952,85757,89891"
2009-03,"84072,20598,85401,10258,82508,86783,90829,81741,90857,85757,89952,76708,83799,90386"
2009-02,"88208,20598,10258,85401,86783,84072,82508,90436,90829,76661,85394,79686,76708,85757"
2009-01,"88208,20598,10258,90829,84072,86783,85757,76708,82508,82162,78876,83799,84519,85401"
2008-12,"85768,88208,20598,10258,90829,85757,79686,81741,78876,85401,82508,84519,90386,76661"
2008-11,"88208,85768,10258,90829,79686,76934,90386,20598,84519,90436,87608,79879,78223,82162"
2008-10,"88208,10258,90829,85768,88446,90386,84519,87608,20598,90857,86783,79686,82518,79879"
2008-09,"10258,90829,84519,88208,90386,88446,79879,85768,84072,87608,87471,90118,20598,86783"
2008-08,"87471,10258,84519,88208,90386,84072,88446,79879,90118,85768,87608,78223,82518,20598,79686"
2008-07,"84519,88208,10258,85768,84072,90118,87608,79879,90386,82518,88446,79996,88352,85176,86783"
2008-06,"84519,85768,88208,87608,90386,79879,90118,10258,88446,82518,84072,79996,90695,77570,88352"
2008-05,"88208,84072,84519,90118,87608,85768,79879,82518,10258,90386,88446,88352,85176,87056,12211"
2008-04,"88208,84519,84072,87608,90118,88446,79879,87056,85176,82518,90386,85768,88352,82162,79996"
2008-03,"89297,84519,88208,84072,87608,90118,88446,82518,87056,85176,80276,90386,79879,88352"
2008-02,"89297,84519,87608,90118,85176,85757,15457,88352,82518,79879,88446,88208,87056,82656"
2008-01,"89297,84519,87608,15457,85176,88352,88208,85757,90118,82518,88446,89606,85567,84072"
2007-12,"89297,84519,87608,88208,85176,88352,90118,15457,89606,85768,88446,85567,82656,79248"
2007-11,"89297,84519,33823,89606,88208,80276,88203,87608,15457,90118,88446,85176,88352,85768"
2007-10,"89297,84519,88203,33823,89606,80276,88208,87608,88352,88446,85176,90118,37154,86290"
2007-09,"89297,84519,88203,89606,33823,87608,90118,80276,88352,88208,85757,88446,85176,11499"
2007-08,"89297,87608,84519,89606,33823,88203,80276,88208,85176,76052,88568,88446,79586,11499"
2007-07,"89297,87608,85176,88203,33823,88208,80276,84519,89606,82281,88568,88352,86996,76052"
2007-06,"89297,80276,85176,33823,87608,88203,43123,11499,89606,84519,88352,82281,86996,36281"
2007-05,"89297,87608,43123,33823,85176,89606,11499,88352,86996,88203,86165,82281,36281,84519"
2007-04,"89297,33823,11499,87608,43123,88203,86165,89606,85176,86996,88352,36281,84519,76052"
2007-03,"89297,85176,33823,86165,43123,11499,82171,87608,76052,80276,89606,86996,79442,88203"
2007-02,"85176,33823,43123,76052,89297,86165,42922,89606,86996,82281,79586,79442,36281,86876"
2007-01,"86165,89297,33823,82281,76052,86876,86996,89606,85176,79586,43123,79442,79198,36281"
2006-12,"86165,79442,89297,33823,43123,79198,85176,42922,86996,86876,89606,88352,82281,88446"
2006-11,"86165,89297,79442,79198,33823,42922,85176,86876,43123,88352,65700,46923,87299,89606"
2006-10,"86165,42922,85176,33823,86876,87299,79198,43123,89297,86996,85293,79442,65700,46923"
2006-09,"86165,85176,33823,88446,86876,87299,42922,79442,43123,85293,80375,65700,89297"
2006-08,"86165,88031,85176,79198,33823,86876,42922,88446,43123,80375,87299,46923,65700"
2006-07,"86165,88031,85176,79198,88352,33823,42922,86876,83120,89611,65700,88446,43123"
2006-06,"86165,88031,85176,79198,33823,86876,89297,88352,83120,42922,43123,81165,80276"
2006-05,"86165,10779,88031,85176,79198,89617,88352,89297,42922,80276,83120,33823,86876"
2006-04,"86165,80276,78971,10779,88031,85293,79198,87299,42922,89617,33823,43123,86996"
2006-03,"85570,86165,88352,86996,85176,42922,81165,80276,88031,85293,10779,79198,83149"
2006-02,"85570,86996,80276,88203,80306,42922,88352,88031,86783,85176,78971,79198,87299"
2006-01,"86996,85570,86165,80276,88810,88031,88352,80306,37381,86783,85176,82281,42922"
2005-12,"86165,37381,85570,86996,88810,78971,85176,80306,88352,88031,79150,85261,79198"
2005-11,"86996,37381,88362,85176,79996,87508,85570,86165,33823,86990,87299,88264,88810"
2005-10,"33452,88807,37381,79996,86990,88264,88362,87508,86444,87299,47619,85176,33823"
2005-09,"88807,33452,37381,88031,79996,86990,86444,33823,88362,87299,87508,85372,85176"
2005-08,"88807,33452,88362,88031,37381,87508,85372,86990,81133,79996,33823,79150,86783"
2005-07,"86211,88807,88362,37381,87508,33452,81133,42550,89297,88031,85372,79150,33823"
2005-06,"88362,86211,88807,37381,42550,88031,33452,85372,81133,79150,69446,87508,86165"
2005-05,"88362,69446,86211,88807,37381,42550,88031,84010,85261,79150,33452,33823,86165"
2005-04,"88362,69446,84010,85261,86211,42550,88807,79150,88031,85372,86728,37381,75470"
2005-03,"88362,69446,86211,85261,84010,42550,88807,86728,85372,81134,88031,88174,87508"
2005-02,"88362,69446,87725,85261,84010,88807,42550,86211,81134,85372,87508,79686,61269"
2005-01,"69446,87725,84010,85261,42550,88807,86211,81134,85372,75470,80375,79686"
2004-12,"69446,88807,85261,42550,81134,87725,84010,86211,79066,79150,17726,85372"
2004-11,"69446,88807,85261,81134,42550,84010,87725,79066,86489,86211,79150,85372"
2004-10,"88807,69446,81134,86211,42550,88174,84010,86489,79150,79066,85261,80274"
2004-09,"88807,88362,69446,88411,81134,88174,84010,86489,86211,42550,79150,80274"
2004-08,"69446,88362,88807,88174,86489,81134,84010,88411,79150,80274,42550,86211"
2004-07,"69446,88362,86211,86489,84010,81134,42550,80274,88174,79150,75470,85372"
2004-06,"69446,86489,88362,81134,42550,84010,86211,88174,80828,88411,75470,80274"
2004-05,"69446,86489,88362,81134,42550,80274,80828,86211,84010,88174,32651,83909"
2004-04,"69446,88362,86211,81134,80274,86489,79066,42550,84010,88174,85372,32651"
2004-03,"69446,88362,81134,80274,42550,84010,86728,85205,85372,86489,79066,80828"
2004-02,"69446,87075,81134,88362,80274,86489,77165,84010,42550,32651,79066,65285"
2004-01,"69446,87075,38295,81134,84010,80274,86489,81010,88362,32651,86783,42550"
2003-12,"69446,87075,81134,38295,84010,86489,81010,88362,42550,86783,80274,65285"
2003-11,"69446,87075,84010,38295,88362,81134,11581,86489,81010,32651,80274,65285"
2003-10,"69446,87075,38295,86489,11581,84010,81134,88362,32651,65285,42550,81010"
2003-09,"69446,87075,38295,84010,86489,11581,79066,65285,88362,32651,83909,42550"
2003-08,"69446,87075,38295,84010,65285,79066,81124,86489,79785,88362,85205,78418"
2003-07,"69446,87075,84010,38295,65285,81124,79785,79066,81134,77165,84062,86489"
2003-06,"69446,87075,81124,38295,65285,79785,84010,84062,77165,82307,79066"
2003-05,"69446,87075,81124,38295,82307,81134,65285,83509,79066,79785,12062"
2003-04,"69446,81124,38295,82307,12062,83509,79785,65285,87075,77735,79066"
2003-03,"69446,81124,82307,79785,38295,12062,79066,83509,65285,82272,84062"
2003-02,"69446,81124,79785,38295,12062,83509,79066,82307,84062,65285,82272"
2003-01,"69446,81124,83509,79066,79785,12062,84062,38295,82272,65285,79666"
2002-12,"69446,79066,76934,83509,79785,12062,65285,81540,84062,81124,82272"
2002-11,"69446,12062,83509,79066,76934,79785,81124,83534,85488,65285,83883"
2002-10,"69446,12062,76934,83509,83534,79785,38295,83883,79066,85488,84062"
2002-09,"69446,12062,85540,83534,83509,76934,83883,79785,38295,77900,79066"
2002-08,"69446,12062,83534,76934,85540,83883,83509,79785,79066,84062,83909"
2002-07,"12062,76934,85540,79785,83534,79066,83509,10257,58836,83909,11379"
2002-06,"12062,79066,83509,79785,77900,83883,83534,79666,10257,79839,75714"
2002-05,"12062,79066,83534,79666,83509,79785,82179,83883,85488,75342,76934"
2002-04,"12062,83509,79066,79785,83534,82179,83883,79666,82162,79338,75342"
2002-03,"12062,83509,65008,79857,83534,83390,79066,79666,82518,82179,83883"
2002-02,"12062,65008,83509,79666,83534,79857,82518,82779,82179,76934,78985"
2002-01,"12062,65008,82518,83509,79666,82179,79122,83534,82779,82508,10257"
2001-12,"12062,65008,83509,79666,82518,79122,75714,82179,83534,82779,82702"
2001-11,"12062,79122,82702,83509,75714,65008,84411,82779,82179,82518,79666"
2001-10,"79122,12062,65008,10257,82779,84411,82702,83534,79248,85889,82179"
2001-09,"12062,79122,65008,83534,84411,10257,82779,85889,90377,82702,82179"
2001-08,"12062,79122,65008,82848,83534,79248,82508,85889,79666,80577,81241"
2001-07,"12062,79122,65008,82848,84373,75714,85889,83534,10257,84413,10463"
2001-06,"12062,82848,79785,79122,84373,76934,79248,75714,85889,81241,48072"
2001-05,"12062,75714,82848,76934,79785,84373,79122,78629,85889,84413,79248"
2001-04,"12062,75714,79499,82848,84373,76934,79785,76614,65008,78629,85889"
2001-03,"12062,79499,75714,82848,84373,79122,76934,65008,10200,78405,84413"
2001-02,"12062,79499,75714,84373,82848,76614,76934,79785,76841,84413,85738"
2001-01,"12062,79499,75714,84373,82511,82848,10200,76360,85390,75694,76841"
2000-12,"12062,79499,75714,10200,82848,82511,75694,42200,84373,76841,77699"
2000-11,"12062,79499,82848,75714,82511,84373,22293,77699,10200,83149,82156"
2000-10,"12062,75714,82848,79499,82511,77699,65008,84373,78875,22293,11803"
2000-09,"12062,75714,79499,82848,82511,77699,78875,82508,11803,84373,80534"
2000-08,"12062,75714,82848,82511,80534,79499,83639,83885,10258,78875,77699"
2000-07,"12062,75714,82511,78875,82848,83639,80534,80167,79499,14593,45911"
2000-06,"75714,78875,79499,82848,82511,80534,14593,84827,45911,83639,85914"
2000-05,"75714,79280,45911,77263,82848,80534,84607,82511,83885,90377,83149"
2000-04,"77263,75714,45911,78875,82848,79280,76736,82511,84607,83885,75033"
2000-03,"75714,77263,45911,76948,78875,79499,82547,75033,78915,80534"
2000-02,"75714,77263,45306,78915,79280,45911,83639,80924,82547,82511"
2000-01,"82162,75714,80534,77178,45911,76360,82511,78915,80167,26201"
1999-12,"75714,82162,80167,45911,76360,80924,82547,79499,83520,77178"
1999-11,"82162,75714,45911,81621,82547,10890,80167,76360,75418,80534"
1999-10,"79499,82162,45911,75714,10890,80167,76360,81621,82547,79785"
1999-09,"82162,75714,50948,80167,10890,45911,79089,76360,78875,79785"
1999-08,"82162,50948,78875,82547,75714,10501,10890,80167,79879,45911"
1999-07,"10501,80167,76360,10890,75418,75342,81208,50948,83686,79785"
1999-06,"10501,75342,80167,76360,75418,79785,80432,87055,10382,75714"
1999-05,"75342,10501,81527,80432,80167,87055,76360,12008,75418,10890"
1999-04,"65270,10501,75342,80432,80167,81527,88031,85914,10890,75418"
1999-03,"65270,79094,10501,75342,81527,80924,80432,76360,80167,88031"
1999-02,"65270,79094,80432,80924,12008,10501,76360,81527,80167,88031"
1999-01,"65270,80432,75342,81527,80924,88031,12008,10501,80167,76360"
1998-12,"65270,81527,80924,75342,88031,12008,10501,80167,33532,82651"
1998-11,"65270,11845,75342,81527,80924,10501,81584,80167,79150,33532"
1998-10,"65270,11845,75342,10501,81527,80167,33532,81584,80924,12008"
1998-09,"65270,11845,65541,75342,80924,81527,10501,79150,38295,80167"
1998-08,"65270,11845,80924,65541,75342,80167,58318,33532,81527,79785"
1998-07,"65270,65541,11845,80924,75342,58318,78988,55212,33532,76736"
1998-06,"65270,65541,11845,75342,78988,76841,76736,80924,79066,77780"
1998-05,"65270,65541,11845,75342,79066,76841,44813,76736,77393,77780"
1998-04,"65270,65541,11845,75342,79066,76841,44813,79094,77780,76736"
1998-03,"65270,65541,79066,11845,44813,76841,75342,90377,77780,76736"
1998-02,"65270,65541,76841,44813,90377,11845,79066,77393,75342,79094"
