date,spindx,SP500_next_period_return,SP500_cumulative_return
1957-03,44.11,0.036286674477786864,0.03628667447778677
1957-04,45.74,0.03628175129485515,0.0738849698713624
1957-05,47.43,-0.0012658229538299978,0.07252562162672604
1957-06,47.37,0.011335133959370355,0.08468284322272202
1957-07,47.91,-0.057784784045206906,0.02200467936955608
1957-08,45.22,-0.06391951771328733,-0.04332136683646881
1957-09,42.42,-0.03258553754574883,-0.07449525435663473
1957-10,41.06,0.015946218541783998,-0.059736953421147376
1957-11,41.72,-0.042351207273844664,-0.09955822859874508
1957-12,39.99,0.04187170594602888,-0.06185519552511032
1958-01,41.7,-0.020839135508290963,-0.08140532223196173
1958-02,40.84,0.03038574739187093,-0.05349313639778508
1958-03,42.1,0.03133293493734428,-0.023836298422787006
1958-04,43.44,0.014852323744166347,-0.009337999099658378
1958-05,44.09,0.025748651878073417,0.016170211890360164
1958-06,45.24,0.042200354490376256,0.0590529550546941
1958-07,47.19,0.011797061188443208,0.07154666756727601
1958-08,47.75,0.0472432190768889,0.12216998153426717
1958-09,50.06,0.02505309056858346,0.15028380771499084
1958-10,51.33,0.022156768063621834,0.1757703792498717
1958-11,52.48,0.050711951660119624,0.23539598988579158
1958-12,55.21,0.003796443138879105,0.24008610051539225
1959-01,55.42,-0.00018045655557418747,0.23986231884907783
1959-02,55.41,0.0005412720023895905,0.24053342160908864
1959-03,55.44,0.03804758663693324,0.2877327244437715
1959-04,57.59,0.01875001175619982,0.3118777281659355
1959-05,58.68,-0.0035851510872018867,0.3071744483025254
1959-06,58.47,0.03429483844665096,0.3520037848286508
1959-07,60.51,-0.015153066562925923,0.33151678148381447
1959-08,59.6,-0.046711788576318594,0.26931925110132227
1959-09,56.88,0.011188927917805822,0.2835215727065783
1959-10,57.52,0.01312626791421286,0.3003694207435965
1959-11,58.28,0.027250564949366958,0.3358052221017407
1959-12,59.89,-0.07414650507689843,0.23675993341942658
1960-01,55.61,0.009129214034787609,0.2480505795612622
1960-02,56.12,-0.013996280875480212,0.2305825131029169
1960-03,55.34,-0.017683443200950673,0.20882157712837834
1960-04,54.37,0.026498828164439877,0.24085393238217034
1960-05,55.83,0.019335413899382613,0.26484635675345625
1960-06,56.92,-0.025083588519581774,0.2331194712001603
1960-07,55.51,0.02578608240165035,0.264916791495607
1960-08,56.96,-0.06229385128374733,0.1861202529998649
1960-09,53.52,-0.0024319533078781693,0.18323566392704072
1960-10,53.39,0.039480019366558615,0.22994983085408305
1960-11,55.54,0.04523428420836065,0.28558573106496166
1960-12,58.11,0.061241921403421495,0.3643174713642021
1961-01,61.78,0.026514889836156925,0.400492198818968
1961-02,63.44,0.02521534371861296,0.4358060909874242
1961-03,65.06,0.003835242869360331,0.4413127560596679
1961-04,65.31,0.01895863259838744,0.4686380750611725
1961-05,66.56,-0.029270382300113224,0.4256504771436296
1961-06,64.64,0.032270684580794365,0.47165719401399064
1961-07,66.76,0.019432488666225607,0.5002551557572368
1961-08,68.07,-0.019881960544344664,0.4704271419440218
1961-09,66.73,0.02792941051478841,0.5114953052234634
1961-10,68.62,0.03859275556463589,0.5698280740750474
1961-11,71.32,0.003219713007520275,0.5748824699447173
1961-12,71.55,-0.03861153465912111,0.5140738408724044
1962-01,68.84,0.01613867880706258,0.5385089922804196
1962-02,69.96,-0.005877731780949367,0.5294660490812164
1962-03,69.55,-0.06397314061663878,0.43162130245496866
1962-04,65.24,-0.08991397461779842,0.30289854100373326
1962-05,59.63,-0.08538143443840437,0.19165519464513037
1962-06,54.75,0.0616233171524183,0.2650889406410739
1962-07,58.23,0.015168590790917837,0.284278557095774
1962-08,59.12,-0.04940774319475868,0.2208252519562508
1962-09,56.27,0.004433024371139099,0.22623720005107484
1962-10,56.52,0.09672460719713537,0.34484451155652995
1962-11,62.26,0.013401604533705418,0.36286758585973455
1962-12,63.1,0.04795969339579499,0.42823029741663476
1963-01,66.2,-0.029276364789367182,0.3864169062262388
1963-02,64.29,0.034849927459016675,0.43473343483617755
1963-03,66.57,0.04737998415571453,0.5027110822463896
1963-04,69.8,0.01422499093134726,0.5240871337637794
1963-05,70.8,-0.02040450330246404,0.4929888928096533
1963-06,69.37,-0.0034657074400364723,0.48781463009595094
1963-07,69.13,0.0475977719034556,0.558631291493882
1963-08,72.5,-0.01109581425505435,0.5413370081913504
1963-09,71.7,0.03170947160380036,0.5902119902844809
1963-10,74.01,-0.010595046136396625,0.5733636208807658
1963-11,73.23,0.0241495715807627,0.6113596782657937
1963-12,75.02,0.026570022836129054,0.6541735417145333
1964-01,77.04,0.009816663694475675,0.6704120070658446
1964-02,77.8,0.015053224674157468,0.6955570943066172
1964-03,78.98,0.006059094527949454,0.7058306350185564
1964-04,79.46,0.011387221838174219,0.7252553068778664
1964-05,80.37,0.016290623129150757,0.7533607908837812
1964-06,81.69,0.018075338960987862,0.7850533814999112
1964-07,83.18,-0.016363009775475404,0.7558445355686827
1964-08,81.83,0.028313438803134347,0.8055585323743244
1964-09,84.18,0.008045476431754194,0.8200851109926945
1964-10,84.86,-0.005198499419826128,0.810623399599165
1964-11,84.42,0.003901405906206958,0.8176873764242778
1964-12,84.75,0.032618526394102565,0.8769776600884001
1965-01,87.56,-0.0014857994618625412,0.8741888476911126
1965-02,87.43,-0.014632440344666634,0.8467648911826329
1965-03,86.16,0.03366552877649544,0.9089372077701634
1965-04,89.11,-0.007773373226531277,0.8940983263881535
1965-05,88.42,-0.0498538375635981,0.7996702560949156
1965-06,84.12,0.013343765329127103,0.8236846336620562
1965-07,85.25,0.022272118859858445,0.864301954585875
1965-08,87.17,0.031504892067630234,0.923036586446575
1965-09,89.96,0.026978278351005407,0.9749168027548978
1965-10,92.42,-0.008802969415003104,0.9575316705430705
1965-11,91.61,0.008911165249568977,0.9749755587405449
1965-12,92.43,0.004856736112949754,0.9845674938588731
1966-01,92.88,-0.01803416610608169,0.9487774740258921
1966-02,91.22,-0.022056865371494212,0.9057935516423024
1966-03,89.23,0.020301323994575845,0.944483684000966
1966-04,91.06,-0.05566084710555386,0.8362520749665441
1966-05,86.13,-0.016270037602669134,0.8063761846588593
1966-06,84.74,-0.01354422510775726,0.7819102189845482
1966-07,83.6,-0.08094023952137212,0.6376819790543582
1966-08,77.1,-0.007028533424584846,0.6261714765257342
1966-09,76.56,0.04644876772776989,0.7017051377244026
1966-10,80.2,0.0031123585659233494,0.7070014542864749
1966-11,80.45,-0.0014927232526710616,0.7044533735233183
1966-12,80.33,0.07527213215723233,0.832751213111006
1967-01,86.61,0.001960898027251168,0.8363450513492376
1967-02,86.78,0.038653246698373445,0.9073257496423768
1967-03,90.2,0.04137173252188153,0.9862351203886786
1967-04,94.01,-0.05386631720129273,0.8792439493574742
1967-05,89.08,0.01736077433058411,0.9118690794743849
1967-06,90.64,0.04434622724278493,0.9966532601312101
1967-07,94.75,-0.011784201339825672,0.9731242961080044
1967-08,93.64,0.032259167106161696,1.0367756424973802
1967-09,96.71,-0.029486423514654504,0.97671841329837
1967-10,93.9,0.001064396055786501,0.9788224245808854
1967-11,94.0,0.025937296912458354,1.0301477293442702
1967-12,96.47,-0.044838203221658705,0.9391195528859431
1968-01,92.24,-0.03172072119985827,0.8776092821756543
1968-02,89.36,0.009356272307632793,0.8951767059070286
1968-03,90.2,0.0787456020847919,1.04441353667075
1968-04,97.59,0.011107262507786117,1.0671213744970238
1968-05,98.68,0.009079049552880736,1.0858888718879012
1968-06,99.58,-0.01865044937202798,1.0469861070870792
1968-07,97.74,0.011393816036804519,1.0703090902211239
1968-08,98.86,0.037815253432060145,1.1485983531505335
1968-09,102.67,0.007181707886010216,1.164028958887223
1968-10,103.41,0.046849628738020115,1.2654129121894133
1968-11,108.37,-0.042507459518730945,1.1691159645313114
1968-12,103.86,-0.008217767520570764,1.1512906738096342
1969-01,103.01,-0.04853294067719985,1.0468822111582181
1969-02,98.13,0.03386418557793749,1.1161982102130592
1969-03,101.51,0.02124836277384691,1.1611639574850319
1969-04,103.69,-0.0022206139948177674,1.1563648465559448
1969-05,103.46,-0.05718115661911717,1.033061410537071
1969-06,97.71,-0.062064866330820895,0.9068797258497376
1969-07,91.83,0.03929191242121548,0.9818046770356168
1969-08,95.51,-0.025341970063518512,0.9315818422384394
1969-09,93.12,0.04329316546479477,1.0152061345432615
1969-10,97.24,-0.03591068931006288,0.9428386931499455
1969-11,93.81,-0.018830921748764207,0.9062532497487676
1969-12,92.06,-0.07955401545845142,0.754603149250531
1970-01,85.02,0.05135210235016576,0.8447057097547674
1970-02,89.5,0.001451460088460683,0.8473832264674321
1970-03,89.63,-0.09484169645480098,0.6721742672671169
1970-04,81.52,-0.0629042668107766,0.5669873710048312
1970-05,76.55,-0.051327672234469345,0.4865575568303424
1970-06,72.72,0.07073319709221768,0.5917065254865486
1970-07,78.05,0.04349874195302824,0.6609437569036389
1970-08,81.52,0.03246529012743145,0.7148667778568614
1970-09,84.21,-0.011465550181347577,0.6952048867610177
1970-10,83.25,0.04635620205438084,0.7737881470152852
1970-11,87.2,0.0552133532008983,0.871724938480007
1970-12,92.15,0.03967972545035116,0.945994470157469
1971-01,95.88,0.009032922343707644,0.9635724870876856
1971-02,96.75,0.03613505898550257,1.034526294730909
1971-03,100.31,0.035644623408628145,1.107046218321544
1971-04,103.95,-0.04244669024725717,1.0176090801557947
1971-05,99.63,0.0007023529110277367,1.019026153766558
1971-06,99.7,-0.042202083817780574,0.9338190427950106
1971-07,95.58,0.03545924138319922,1.002390799024906
1971-08,99.03,-0.006991972549418007,0.9883901375249167
1971-09,98.34,-0.04269225976512848,0.9035012692592834
1971-10,94.23,-0.0025502085864549454,0.8986469439780904
1971-11,93.99,0.08266638354871413,1.0556012204725769
1971-12,102.09,0.01795903239937178,1.0925178293912317
1972-01,103.94,0.024988236652569062,1.1448061601117798
1972-02,106.57,0.005894202403836974,1.157448081736475
1972-03,107.2,0.004374745190924032,1.1668863673567196
1972-04,107.67,0.017127490508029572,1.2039996930456005
1972-05,109.53,-0.0220620938828409,1.155374844899876
1972-06,107.14,0.0023306774173108944,1.1603983283767239
1972-07,107.39,0.0338736157235059,1.2335788311618616
1972-08,111.09,-0.004872776290175771,1.2226951011911376
1972-09,110.55,0.009273915113927096,1.2433081868837261
1972-10,111.58,0.04460761441838334,1.343376813505838
1972-11,116.67,0.011758826695756243,1.3709321753387065
1972-12,118.05,-0.017259485172067785,1.3300111066144695
1973-01,116.03,-0.03821113934539171,1.2409787275433137
1973-02,111.68,-0.0014336920018486968,1.2377658542653216
1973-03,111.52,-0.04165552569417425,1.1445505412254264
1973-04,106.97,-0.01906437505139743,1.1036660253908277
1973-05,104.95,-0.006596266926682109,1.0897896827627571
1973-06,104.26,0.037278412874629255,1.1676937253779278
1973-07,108.22,-0.03737433153567837,1.0866776214178433
1973-08,104.25,0.03931294280517974,1.1687110594014913
1973-09,108.43,-0.0012919898438024683,1.1659091067386025
1973-10,108.29,-0.12088137566879437,0.9040910343424708
1973-11,95.96,0.01643362909762641,0.9353821601689707
1973-12,97.55,-0.010096933090293792,0.9158407359935963
1974-01,96.57,-0.0036308977075188197,0.9088845142573061
1974-02,96.22,-0.023555242596637976,0.8639202764350098
1974-03,93.98,-0.03983379741196225,0.789673253751449
1974-04,90.31,-0.03412685473789204,0.7285973345923829
1974-05,87.28,-0.014774045271307656,0.7030589593152532
1974-06,86.0,-0.08098307215827948,0.5651400127232216
1974-07,79.31,-0.09461693887534836,0.4170512558080266
1974-08,72.15,-0.12707765637850985,0.23697570325171835
1974-09,63.54,0.15104319911278605,0.4238124706956463
1974-10,73.9,-0.05464624919635083,0.34600645961314
1974-11,69.97,-0.020357304468280935,0.31860539629852247
1974-12,68.56,0.1158363735660757,0.47134786357040137
1975-01,76.98,0.058161057585108714,0.5569230113912462
1975-02,81.59,0.02146187256434792,0.5903374946542259
1975-03,83.36,0.04618188484049969,0.6637822776898763
1975-04,87.3,0.043156038279115586,0.7355845293539749
1975-05,91.15,0.04336839313854175,0.8108540415481691
1975-06,95.19,-0.07005146590768875,0.6840010613928571
1975-07,88.75,-0.0212955721698999,0.6481392952557776
1975-08,86.88,-0.0352598751893051,0.5900261094104697
1975-09,83.87,0.05981772597096932,0.6851378555098717
1975-10,89.04,0.024407690448897713,0.726268178650876
1975-11,91.24,-0.0115748412385705,0.7062868985477957
1975-12,90.19,0.11181486047096256,0.897075130032349
1976-01,100.86,-0.011467443807877717,0.8753205275793807
1976-02,99.71,0.030227508796280198,0.9320067953226314
1976-03,102.77,-0.011056323185018374,0.9106459037978927
1976-04,101.64,-0.014468590522492556,0.8830015505823632
1976-05,100.18,0.040111021135830226,0.9585306655765733
1976-06,104.28,-0.008087854601699005,0.942690354320421
1976-07,103.44,-0.005136914615601727,0.932710919845724
1976-08,102.91,0.022388636324091705,0.9759816817497506
1976-09,105.24,-0.022485813332087955,0.9315501265063004
1976-10,102.9,-0.007804917669384203,0.9164745367946301
1976-11,102.1,0.05116596013005545,1.0145327965345303
1976-12,107.46,-0.051851797613461516,0.9100756496829412
1977-01,102.03,-0.021898323645750714,0.8682481949183165
1977-02,99.82,-0.014124528603630976,0.8418600698505108
1977-03,98.42,0.00020319008502289352,0.8422343175547038
1977-04,98.44,-0.023849814654586837,0.7982973705307048
1977-05,96.12,0.04436129185162042,0.8780721650208192
1977-06,100.48,-0.016355153103262736,0.8473560072229276
1977-07,98.85,-0.02126652072377475,0.8080691724111313
1977-08,96.77,-0.0024831880323273004,0.80357939668058
1977-09,96.53,-0.04437642378168087,0.7235429930495743
1977-10,92.34,0.02660839781679322,0.7694037106629839
1977-11,94.83,0.002843154655708485,0.7744343990607829
1977-12,95.1,-0.06348754889159611,0.6617799083954814
1978-01,89.25,-0.02507363755211585,0.6201130412809848
1978-02,87.04,0.024625357818059357,0.6600089046282334
1978-03,89.21,0.08196372269774779,0.796069414162974
1978-04,96.83,0.004225285824482914,0.8036583207984243
1978-05,97.24,-0.01774181516600558,0.7716581482481906
1978-06,95.53,0.05250683598519816,0.8646823120600982
1978-07,100.68,0.02559339575142692,0.9124058644233379
1978-08,103.29,-0.007287599662987565,0.8984690160902711
1978-09,102.54,-0.0960418693079571,0.7161365029617233
1978-10,93.15,0.016502903144435168,0.7444577374527304
1978-11,94.7,0.014779368643160356,0.7702397214369576
1978-12,96.11,0.038976572038505124,0.8392375974649684
1979-01,99.93,-0.03720932795882687,0.7708008025066895
1979-02,96.28,0.05368449218858234,0.8658653443563953
1979-03,101.59,0.0016719944883584112,0.868985060928178
1979-04,101.76,-0.02668949497065327,0.8191027935443091
1979-05,99.08,0.0379272152268414,0.8880962967148127
1979-06,102.91,0.008707485357153816,0.9045368675713532
1979-07,103.81,0.05171705585471325,1.0030339071289016
1979-08,109.32,0.0,1.0030339071289016
1979-09,109.32,-0.07107281258567726,0.8606726536447724
1979-10,101.82,0.04174084154976219,0.9383386960565345
1979-11,106.16,0.01662812716654461,0.9705696383863971
1979-12,107.94,0.056025455978084254,1.0809717009135635
1980-01,114.16,-0.004389437299605528,1.0718374061101499
1980-02,113.66,-0.10735675868805132,0.8494116576615045
1980-03,102.09,0.04031643036456621,0.9239733339730316
1980-04,106.29,0.045518821820273746,1.011550333349108
1980-05,111.24,0.0266114692255101,1.0650806431405924
1980-06,114.24,0.06301096320808354,1.1952033635672499
1980-07,121.67,0.005818496235036661,1.2079761460733058
1980-08,122.38,0.02485602463420267,1.2628576555518358
1980-09,125.46,0.015894060126232765,1.2988236511862827
1980-10,127.47,0.09746878460279644,1.5228871984835726
1980-11,140.52,-0.0344612064716556,1.4359454618319334
1980-12,135.76,-0.046821713917851795,1.3218903202985492
1981-01,129.55,0.01318936380719701,1.352514576453376
1981-02,131.27,0.03539861492073584,1.435790334040667
1981-03,136.0,-0.023735350323892644,1.3779759971466605
1981-04,132.81,-0.0016578752855319718,1.374033609511403
1981-05,132.59,-0.010462567009002974,1.3491951237902646
1981-06,131.21,-0.002212643484644734,1.343997192505451
1981-07,130.92,-0.06411087046055833,1.1937214921368215
1981-08,122.79,-0.05533486660803486,1.0723322059942513
1981-09,116.18,0.0479782861033585,1.1717591534746474
1981-10,121.89,0.03593683516645811,1.2498053041943127
1981-11,126.35,-0.03053672386008165,1.181103620881184
1981-12,122.55,-0.01769957709940086,1.142499009181615
1982-01,120.4,-0.062458736331431036,1.0086812284767883
1982-02,113.11,-0.010219131896037013,0.9881542500658904
1982-03,111.96,0.039234454230169705,1.066158396992618
1982-04,116.44,-0.03994925054366354,0.9836169175282659
1982-05,111.88,-0.02049825710612694,0.9429562279527084
1982-06,109.61,-0.02325900881484829,0.8977649919198918
1982-07,107.09,0.10973044746600602,1.1060075936685827
1982-08,119.51,0.007585582157512179,1.1219828872947004
1982-09,120.42,0.10468764359027238,1.344128275504465
1982-10,133.71,0.03548581696788478,1.4273115824382603
1982-11,138.54,0.015044341342407792,1.4638288864288413
1982-12,140.64,0.032597136639370625,1.5441426532957907
1983-01,145.3,0.018817026438714916,1.5920158528667199
1983-02,148.06,0.03255885228813889,1.6764089141487215
1983-03,152.96,0.07224768042089597,1.8697732500537758
1983-04,164.42,-0.01242328024699116,1.834121252723039
1983-05,162.39,0.03461767756797131,1.9322319484383406
1983-06,168.11,-0.03357136265485027,1.833792926309179
1983-07,162.56,0.01125531823196256,1.8656881674982735
1983-08,164.4,0.010106903596582019,1.894651401545044
1983-09,166.07,-0.015290632234268693,1.8503903515176083
1983-10,163.55,0.01727577440271522,1.8996330521901026
1983-11,166.4,-0.008873386927047356,1.8739034861715647
1983-12,164.93,-0.009258761396368111,1.8472946995169113
1984-01,163.41,-0.03963448211696414,1.7344436486671815
1984-02,157.06,0.013407739430974706,1.7711063565971945
1984-03,159.18,0.005450629038168816,1.7862106293723174
1984-04,160.05,-0.06119101148812923,1.6157195827420483
1984-05,150.55,0.017318445553704525,1.6610197799195254
1984-06,153.18,-0.016588058083898842,1.6168786292478168
1984-07,150.66,0.10105016415670413,1.8813146443114794
1984-08,166.68,-0.003485789935003583,1.87127098672476
1984-09,166.1,-6.020650834168813e-05,1.8710981175241463
1984-10,166.09,-0.015227642804079362,1.827378060935024
1984-11,163.58,0.022127739181536214,1.8899415452349917
1984-12,167.24,0.07146927329237988,2.096483567330394
1985-01,179.63,0.00864702466727182,2.123258937118902
1985-02,181.19,-0.0029293927263186574,2.114109685106096
1985-03,180.66,-0.004604851544591819,2.0997696723126067
1985-04,179.83,0.05264088178523823,2.2629442811942813
1985-05,189.55,0.012060974730617525,2.3022985697171783
1985-06,191.85,-0.00485932455526558,2.2862516291885333
1985-07,190.92,-0.01206706778006253,2.2465962080367743
1985-08,188.63,-0.03534127341966706,2.1318573637652922
1985-09,182.08,0.04163010376437992,2.2622369107940785
1985-10,189.82,0.0630326729238892,2.4678644229924007
1985-11,202.17,0.04407534036264149,2.620711727767286
1985-12,211.28,0.0023637320134316047,2.6292701199896165
1986-01,211.78,0.069049532456058,2.879869524931641
1986-02,226.92,0.05144752187339746,3.07947919718149
1986-03,238.9,-0.014249218791252374,3.021349805546488
1986-04,235.52,0.04900850213320605,3.2184301360699807
1986-05,247.35,0.014010948001102428,3.27753434135274
1986-06,250.84,-0.06047513530233148,3.0188498732990636
1986-07,236.12,0.06877262023020542,3.2952367093976696
1986-08,252.93,-0.08931073731267657,2.911625951948889
1986-09,231.32,0.053284221430574034,3.120053895326113
1986-10,243.98,0.02124978579413014,3.2076041580620647
1986-11,249.22,-0.02869608164231129,3.086862405623787
1986-12,242.17,0.12378007570339945,3.592734543581277
1987-01,274.08,0.036258181087190464,3.759258744347842
1987-02,284.2,0.026047661210675557,3.88322630373456
1987-03,291.7,-0.011516177337297796,3.8269902036425956
1987-04,288.36,0.00601599159098053,3.856029336117455
1987-05,290.1,0.046802010278863354,4.083301271020886
1987-06,304.0,0.047097002256141135,4.322709522450802
1987-07,318.66,0.03436170646313571,4.5056069046497935
1987-08,329.8,-0.02446295430648614,4.370923494511871
1987-09,321.83,-0.2454280490561666,3.0527482196238935
1987-10,251.79,-0.08921259993620634,2.6911920140644146
1987-11,230.3,0.07032936400105885,2.9507912008193524
1987-12,247.08,0.03963625052143875,3.1073857506129237
1988-01,257.07,0.04096669171828301,3.2756517564263516
1988-02,267.82,-0.033911852007609634,3.1306564868263456
1988-03,258.89,0.009380715439099784,3.169404999905935
1988-04,261.33,0.003171027891648908,3.1826262994522168
1988-05,262.16,0.04234661747147659,3.359746375381258
1988-06,273.5,-0.005426028857428595,3.3360902657373694
1988-07,272.02,-0.03936483058865216,3.1654008070095143
1988-08,261.52,0.03896036677345695,3.327686350209059
1988-09,271.91,0.025633119968803644,3.438618453611322
1988-10,278.97,-0.01907163311158232,3.3539667509417477
1988-11,273.7,0.014580795838439433,3.4174510512245826
1988-12,277.72,0.06869996767974881,3.7209297956705836
1989-01,297.47,-0.029371237891800857,3.582270243571452
1989-02,288.86,0.020592439573627015,3.676630366672226
1989-03,294.87,0.04887575108986489,3.905204188413002
1989-04,309.64,0.03453434457335714,4.074602200058332
1989-05,320.52,-0.007956189189306675,4.034227704894197
1989-06,317.98,0.08468147448418545,4.460533529833774
1989-07,346.08,0.015397491417165792,4.544612047992535
1989-08,351.45,-0.006565824329870139,4.508207099308135
1989-09,349.15,-0.025497748310687626,4.367760221046833
1989-10,340.36,0.01640599192460053,4.455823651886519
1989-11,345.99,0.021190686979638836,4.571436303109755
1989-12,353.4,-0.0712996775848665,4.17419469101341
1990-01,329.08,0.008502706414199632,4.218189349401007
1990-02,331.89,0.023965542734276302,4.3432460892496225
1990-03,339.94,-0.02725516829966913,4.197615017820575
1990-04,330.8,0.08800091142270103,4.655009876613104
1990-05,361.23,-0.008926023810191917,4.604533123807585
1990-06,358.02,-0.005236860337682712,4.575182966580288
1990-07,356.15,-0.09906282498141365,4.022889592122587
1990-08,322.56,-0.05254067814587028,3.758983566700632
1990-09,306.05,-0.006720785890857207,3.726999457090729
1990-10,304.0,0.05820684065661893,4.002143161273533
1990-11,322.22,0.024524556940845963,4.124818506058449
1990-12,330.22,0.04067904929105102,4.33329125067409
1991-01,343.93,0.06511441726691576,4.680565402576474
1991-02,367.07,0.021959955053811844,4.805310363497292
1991-03,375.22,0.0003464034035464316,4.807321342765851
1991-04,375.35,0.03785182263787916,5.027139040233394
1991-05,389.83,-0.04907751017191187,4.731342062678813
1991-06,371.16,0.043882292478987416,4.982846491370408
1991-07,387.81,0.0194582514285181,5.099262222657721
1991-08,395.43,-0.019329330624389317,4.981367566591122
1991-09,387.86,0.011790171433081479,5.051888915605505
1991-10,392.46,-0.04492210058571139,4.780025353005122
1991-11,375.22,0.10578950523409669,5.3914913753400695
1991-12,417.09,-0.02010044909879286,5.263019528284673
1992-01,408.79,0.009519360007767297,5.322639465910091
1992-02,412.7,-0.02207368007590155,5.183075545104322
1992-03,403.69,0.02751077436182243,5.353176741287789
1992-04,414.95,0.0009635072406235631,5.359298073078981
1992-05,415.35,-0.017511285484140954,5.247938589042548
1992-06,408.14,0.038618362837734996,5.489223748462079
1992-07,424.21,-0.024290180670616498,5.33159933119988
1992-08,414.03,0.0090644141544072,5.388991569797643
1992-09,417.8,0.00210405586421754,5.4024343649765125
1992-10,418.68,0.029812920535904664,5.5933096319359015
1992-11,431.35,0.010057058909607923,5.659618935313565
1992-12,435.71,0.007021264078719025,5.70637787852204
1993-01,438.78,0.010429041654892349,5.7763189727705955
1993-02,443.38,0.01852463452645282,5.90184780517584
1993-03,451.67,-0.025745372804774513,5.724157160389773
1993-04,440.19,0.022463263988382214,5.875203677782979
1993-05,450.19,0.0007549516301373383,5.880394124007047
1993-06,450.53,-0.00534129861324958,5.843643884413877
1993-07,448.13,0.033852457573435274,6.075318048658699
1993-08,463.56,-0.010038133482406217,6.004295061655784
1993-09,458.93,0.019207289080128778,6.138828581707525
1993-10,467.83,-0.012994739773819838,6.046061361998328
1993-11,461.79,0.010040591116877065,6.116807983118579
1993-12,466.45,0.031983824491671184,6.344430720591569
1994-01,481.61,-0.03050565928931071,6.120384019355256
1994-02,467.14,-0.04682587467296497,5.786965809641544
1994-03,445.77,0.011464639111236987,5.864775923309389
1994-04,450.91,0.012342842552530193,5.949506771689197
1994-05,456.51,-0.027178119882611214,5.76063224352321
1994-06,444.27,0.030982401002292763,5.970092862721076
1994-07,458.25,0.036951995265630644,6.2276517011853505
1994-08,475.5,-0.027266374030260387,6.030579846540383
1994-09,462.71,0.02061972825995886,6.17554849248599
1994-10,472.35,-0.04030609078438459,5.886330183520095
1994-11,453.69,0.012224126981340542,5.970509558118883
1994-12,459.27,0.023987640275298247,6.137715633934568
1995-01,470.42,0.035438711264096985,6.390667077370806
1995-02,487.39,0.026962467224111115,6.589937696208733
1995-03,500.71,0.02757654408783848,6.79924194771218
1995-04,514.71,0.03566797648446964,7.077425126099866
1995-05,533.4,0.021055362076815406,7.2474982367782665
1995-06,544.75,0.031281631936187715,7.505493441015522
1995-07,562.06,-0.00032030179820779727,7.50276911617172
1995-08,561.88,0.03931448733485356,7.837051124900638
1995-09,584.41,-0.004991819338843618,7.792938162197009
1995-10,581.5,0.04022886938718334,8.146668123053612
1995-11,605.37,0.017293479366880037,8.304845839515338
1995-12,615.93,0.032096688673788,8.603500579583852
1996-01,636.02,0.0069098163601865855,8.669859005003723
1996-02,640.43,0.00788538453994017,8.74610956170518
1996-03,645.5,0.013342046230175701,8.876142606041808
1996-04,654.17,0.02259615972339602,9.099305501818966
1996-05,669.12,0.0022541528484939432,9.122070880083701
1996-06,670.63,-0.046827520786961854,8.64807939553948
1996-07,639.95,0.018639176083919788,8.827911646264578
1996-08,651.99,0.052756203323174836,9.346394951317109
1996-09,687.31,0.02579528050914497,9.613283111344735
1996-10,705.27,0.0708089649496645,10.364798703176811
1996-11,757.02,-0.021739986636405875,10.117728131244306
1996-12,740.74,0.059510647522872405,10.779351331317908
1997-01,786.16,0.005910047767196773,10.84896786035259
1997-02,790.82,-0.04354862047140087,10.332961656024267
1997-03,757.12,0.05676356506996887,10.976260962421463
1997-04,801.34,0.05692544355092693,11.658014929788957
1997-05,848.28,0.042535054616412785,12.196424286162898
1997-06,885.14,0.07522178389598178,13.189082862016331
1997-07,954.29,-0.05916190751100113,12.34962965406779
1997-08,899.47,0.051789019050444966,13.040993878538691
1997-09,947.28,-0.03508604155478369,12.54835098384582
1997-10,914.62,0.043621422487943796,13.139349326127109
1997-11,955.4,0.015609171282679583,13.360052851584268
1997-12,970.43,0.010098972903237103,13.505074636221469
1998-01,980.28,0.06807842894737663,14.492557329219867
1998-02,1049.34,0.04873842963294152,15.247640244444362
1998-03,1101.75,0.009035525668709443,15.394446214928994
1998-04,1111.75,-0.019005643420609574,15.082859216089691
1998-05,1090.82,0.03868039488845361,15.704950561503445
1998-06,1133.84,-0.011683381142634086,15.50978025712454
1998-07,1120.67,-0.15758607007429418,12.908068868614114
1998-08,957.28,0.06052629920018749,13.749872806252666
1998-09,1017.01,0.07723340749532363,14.88905574320217
1998-10,1098.67,0.05744407200715167,15.801787805440323
1998-11,1163.63,0.054843527731920916,16.723257120893837
1998-12,1229.23,0.040190831279158935,17.435569557556835
1999-01,1279.64,-0.032815090665377786,16.830604671057728
1999-02,1238.33,0.03806060056715658,17.509248193313734
1999-03,1286.37,0.037241815948836486,18.19856620788046
1999-04,1335.18,-0.025287465853720853,17.713083120458283
1999-05,1301.84,0.05300823979166552,18.705030717748905
1999-06,1372.71,-0.03257081535328095,18.063221800710377
1999-07,1328.72,-0.006273778377796873,17.943623371965934
1999-08,1320.41,-0.028967267082334575,17.394878374243042
1999-09,1282.71,0.06066176674701588,18.510744195521102
1999-10,1362.93,0.018882472761026243,18.87915529134038
1999-11,1388.91,0.05623279965410548,19.997015848131173
1999-12,1469.25,-0.052244822952783904,18.900030472608762
2000-01,1394.46,-0.02031306261044836,18.49579990766883
2000-02,1366.42,0.09232381212222356,20.29572647551691
2000-03,1498.58,-0.03127997725807787,19.629596635668495
2000-04,1452.43,-0.022158698229963615,19.172471629212843
2000-05,1420.6,0.02365163115673065,19.6495834877066
2000-06,1454.6,-0.01647625326436223,19.309355720359555
2000-07,1430.83,0.05892815758821184,20.506148634763957
2000-08,1517.68,-0.054966292284748544,19.324035382986274
2000-09,1436.51,-0.004961784973662941,19.22319188961878
2000-10,1429.4,-0.08345613371058731,17.53544248322389
2000-11,1314.95,0.004045193222723212,17.610421929537203
2000-12,1320.28,0.03405024645014182,18.244111382779067
2001-01,1366.01,-0.09683109041654117,16.3806830934872
2001-02,1239.94,-0.06635854393013127,15.227326270892338
2001-03,1160.33,0.07400701055598045,16.428262177517606
2001-04,1249.46,0.005077287698608417,16.51675047867964
2001-05,1255.82,-0.025321483187023132,16.073200375942474
2001-06,1224.42,-0.010830890268300843,15.888282416141926
2001-07,1211.23,-0.06625560588746704,14.769339032261787
2001-08,1133.58,-0.08525661524698992,13.424898561688904
2001-09,1040.94,0.017937188329115412,13.683640683818306
2001-10,1059.78,0.07248435043337315,14.747974840781927
2001-11,1139.45,0.007545292033896033,14.866797909898075
2001-12,1148.08,-0.015696373666933345,14.617746721006599
2002-01,1130.2,-0.02098488667516772,14.290010075944803
2002-02,1106.73,0.03608007625275841,14.841674805390337
2002-03,1147.39,-0.06338468278441352,13.837555273076834
2002-04,1076.92,-0.009122942297125956,13.702193112490137
2002-05,1067.14,-0.07522444617392271,12.596228778061008
2002-06,989.81,-0.08228976893988257,11.477398253460585
2002-07,911.62,0.004869544390315665,11.53815749813146
2002-08,916.07,-0.11654890279843105,10.076848998610318
2002-09,815.29,0.08290215537932169,10.995143655406395
2002-10,885.76,0.05550058467611222,11.660881141555409
2002-11,936.31,-0.062229277129875436,10.873003660289143
2002-12,879.82,-0.027797493671422965,10.542963916181474
2003-01,855.7,-0.017149844258839787,10.345003882733554
2003-02,841.15,0.008322874252829663,10.439426923447408
2003-03,848.18,0.07792735002947673,11.330871149447516
2003-04,916.92,0.04964566548928773,11.943045453724494
2003-05,963.59,0.01125862601085219,12.088766361929439
2003-06,974.5,0.01609350647877368,12.299410508174306
2003-07,990.31,0.017715343790636197,12.535014137539413
2003-08,1008.01,-0.012016232567985653,12.372374259851766
2003-09,995.97,0.05350426846494651,13.087853362264614
2003-10,1050.71,0.007103225356045156,13.187922559479698
2003-11,1058.2,0.04951889930647121,13.890492868070586
2003-12,1111.92,0.017128882262967212,14.145550367245319
2004-01,1131.13,0.012135100829125884,14.329343148064446
2004-02,1144.94,-0.016494220669989047,14.076497579454285
2004-03,1126.21,-0.016933393494544095,13.821201313421843
2004-04,1107.3,0.012011024205564368,13.999219121152896
2004-05,1120.68,0.017829189249312503,14.266643037455838
2004-06,1140.84,-0.034892238215330364,13.733955691844514
2004-07,1101.72,0.002284720571713859,13.76761866351639
2004-08,1104.24,0.009320336802206484,13.905257843226915
2004-09,1114.58,0.01391695587821374,14.112693658984503
2004-10,1130.2,0.03786877946113301,14.68499292222025
2004-11,1173.82,0.03194249119319211,15.18601067050355
2004-12,1211.92,-0.02561574796851591,14.771393900552221
2005-01,1181.27,0.018726934874337724,15.066743767005391
2005-02,1203.6,-0.01930275225452871,14.756611392533893
2005-03,1180.59,-0.02031351934767037,14.436539162157933
2005-04,1156.85,0.029512223385105795,14.89210575420447
2005-05,1191.5,-0.00014268747689802155,14.889838149731807
2005-06,1191.33,0.03533645186472915,15.451328650648144
2005-07,1234.18,-0.011285467972359155,15.265667708058498
2005-08,1220.33,0.006924907426858922,15.378305951172852
2005-09,1228.81,-0.01789999431377393,15.085134367777606
2005-10,1207.01,0.034581237676988605,15.64137822241602
2005-11,1249.48,-0.0009528500142413687,15.625521484939792
2005-12,1248.29,0.02514796123051826,16.043619454680208
2006-01,1280.08,0.0004529940641520396,16.051340113124844
2006-02,1280.66,0.011003842360389883,16.238970371763063
2006-03,1294.83,0.012113265284213585,16.447790593102926
2006-04,1310.61,-0.0314049135858917,15.899844237261796
2006-05,1270.09,8.660428539180607e-05,15.901307836195198
2006-06,1270.2,0.005072924191958309,15.987046889593167
2006-07,1276.66,0.02105112458799209,16.344643330048054
2006-08,1303.82,0.02426937619530401,16.765587003998363
2006-09,1335.85,0.031021836917226073,17.31670814677519
2006-10,1377.94,0.01633250512235968,17.615865876407167
2006-11,1400.63,0.012536835916847028,17.849249932349714
2006-12,1418.3,0.013961172524527271,18.112407562613182
2007-01,1438.24,-0.022088305664389823,17.690246862387788
2007-02,1406.82,0.009930483915285941,17.875850058227453
2007-03,1420.86,0.0423798362376053,18.675805492540725
2007-04,1482.37,0.032030723748061214,19.306035782792883
2007-05,1530.62,-0.017976930819991094,18.94099558229735
2007-06,1503.35,-0.032504500841186675,18.292823474618466
2007-07,1455.27,0.012781559065278813,18.5394158373953
2007-08,1473.99,0.03516828363749106,19.226583555675703
2007-09,1526.75,0.014713557788708606,19.524188561690277
2007-10,1549.38,-0.04504278936941616,18.599721859327882
2007-11,1481.14,-0.00866592980480183,18.429872045501305
2007-12,1468.36,-0.06311390960227695,17.203576857637728
2008-01,1378.55,-0.035379707842082095,16.559539626733617
2008-02,1330.63,-0.005977412241373905,16.45457901961589
2008-03,1322.7,0.04645093966005638,17.26536061644775
2008-04,1385.59,0.010617586652650165,17.459294665534788
2008-05,1400.38,-0.0898835504310454,15.800107722543665
2008-06,1280.0,-0.009908300486456212,15.63364720702387
2008-07,1267.38,0.012116797460712942,15.835193741264334
2008-08,1282.83,-0.09518078677437536,14.232806755471755
2008-09,1166.36,-0.18563648644598751,11.405042030675276
2008-10,968.75,-0.07779834641708887,10.439950273454253
2008-11,896.24,0.007791135777281755,10.529080479320086
2008-12,903.25,-0.08954988551107096,9.49665264234905
2009-01,825.88,-0.11645654382051443,8.27424875393661
2009-02,735.09,0.08195273621464377,9.034298815656964
2009-03,797.87,0.0897722149209695,9.93510004551735
2009-04,872.81,0.051720558420882315,10.500669526259724
2009-05,919.14,0.00019581606407012827,10.502921542100527
2009-06,919.32,0.07152197708889191,11.325633233089963
2009-07,987.48,0.033009321348136535,11.732494021300301
2009-08,1020.62,0.035100104155946166,12.179405887612905
2009-09,1057.08,-0.01995986522217773,11.916346722387775
2009-10,1036.19,0.05577901558280714,12.636807827488783
2009-11,1095.63,0.017614546700982087,12.877014015818402
2009-12,1115.1,-0.037675141059320766,12.354195555290271
2010-01,1073.87,0.028114744036660498,12.729645345142766
2010-02,1104.49,0.05713276064548312,13.51405788639418
2010-03,1169.43,0.014651468311863144,13.72671014559323
2010-04,1186.69,-0.08553165363377013,12.467110274255422
2010-05,1089.41,-0.05538838013237662,11.721188851100328
2010-06,1030.71,0.06651578327458964,12.567348691715244
2010-07,1101.6,-0.048611803170382606,11.907815407569634
2010-08,1049.33,0.0839284750952826,12.991148671538348
2010-09,1141.2,0.036193000710687595,13.497530325350672
2010-10,1183.26,-0.002292909487060143,13.464288800528733
2010-11,1180.55,0.06325651722192606,14.379249334142292
2010-12,1257.64,0.02239298525651701,14.72363663773804
2011-01,1286.12,0.031456595040144836,15.21824870800975
2011-02,1327.22,-0.0010478506829378123,15.201254405025008
2011-03,1325.83,0.02809691636712916,15.65645969508558
2011-04,1363.61,-0.013592893899637262,15.4300502057067
2011-05,1345.2,-0.01842623330189754,15.127306267454458
2011-06,1320.64,-0.021708367435427242,14.777208777256888
2011-07,1292.28,-0.05846749161912042,13.854754955299507
2011-08,1218.89,-0.0744671275427831,12.74856402342643
2011-09,1131.42,0.10230659165059017,14.155132748753113
2011-10,1253.3,-0.005071483436680982,14.07827374403711
2011-11,1246.96,0.008496553494146353,14.206387103502705
2011-12,1257.6,0.04265999901113749,14.855091562301105
2012-01,1312.41,0.039787331386417914,15.485923344452377
2012-02,1365.68,0.030851535762571346,15.994539398092762
2012-03,1408.47,-0.007525744796048625,15.866642831656321
2012-04,1397.91,-0.06469925017046924,14.775383687555037
2012-05,1310.33,0.038792661243837456,15.387352802937919
2012-06,1362.16,0.012518948972710817,15.59250523647571
2012-07,1379.32,0.019570602004381984,15.9172305527144
2012-08,1406.58,0.02394705705020073,16.32234843789165
2012-09,1440.67,-0.019987836058499683,15.976112177166865
2012-10,1412.16,0.0028426587376603443,16.02436947077879
2012-11,1416.18,0.007043447111457518,16.144279716752134
2012-12,1426.19,0.049197760692578335,16.987739887503533
2013-01,1498.11,0.010999881888155871,17.185602901700943
2013-02,1514.68,0.03535536713008354,17.82856156877249
2013-03,1569.19,0.01792416211692459,18.166047758759664
2013-04,1597.57,0.02055017475157647,18.559913389499233
2013-05,1630.74,-0.015112952997701294,18.264305337804622
2013-06,1606.28,0.04827775787697368,19.194342806571246
2013-07,1685.73,-0.03179826168331884,18.552197809485246
2013-08,1632.97,0.029315544388002535,19.125381132252215
2013-09,1681.55,0.043629977912082465,20.003451066524622
2013-10,1756.54,0.027663279564206007,20.584475405191014
2013-11,1805.81,0.02328951485450324,21.087167365766867
2013-12,1848.36,-0.03623139652694681,20.286918446780728
2014-01,1782.59,0.04221338215754876,21.185511270131258
2014-02,1859.45,0.006908240422563322,21.338774115882813
2014-03,1872.34,0.006181651028472133,21.47686462187107
2014-04,1883.95,0.020812198017934665,21.944657579203763
2014-05,1923.57,0.01887897875478642,22.3778292821774
2014-06,1960.23,-0.015194720363435775,22.022609703530577
2014-07,1930.67,0.03696366960697851,22.8736098421023
2014-08,2003.37,-0.01563545834824645,22.500335009793826
2014-09,1972.29,0.0229363944395255,23.03934796303945
2014-10,2018.05,0.02423746941943873,23.622000924156865
2014-11,2067.56,-0.004197308450286825,23.51865479161493
2014-12,2058.9,-0.03153282180262603,22.745512419230835
2015-01,1994.99,0.053438871430552516,24.0144458044547
2015-02,2104.5,-0.017549145486384792,23.575463655771035
2015-03,2067.89,0.008484665914449642,23.783978254582955
2015-04,2085.51,0.010436785331839957,24.042643315295024
2015-05,2107.39,-0.021235661913586588,23.51084620842888
2015-06,2063.11,0.019549693281665254,23.990025733877733
2015-07,2103.84,-0.06462471645113466,22.375052406719327
2015-08,1972.18,-0.0267987189877159,21.748630945948523
2015-09,1920.03,0.07971934314092276,23.562136862314805
2015-10,2079.36,0.000504835614613225,23.574536703773905
2015-11,2080.41,-0.017685671969978563,23.13991950881676
2015-12,2043.94,-0.05206764093935223,21.883010847526826
2016-01,1940.24,-0.004136900440057719,21.788346109881847
2016-02,1932.23,0.06390498491988238,23.244635024382905
2016-03,2059.74,0.0026957330678163125,23.30999208873527
2016-04,2065.3,0.015213182557527833,23.67982443635326
2016-05,2096.96,0.0009056633172390907,23.702176048021165
2016-06,2098.86,0.03499043894376667,24.566516030807627
2016-07,2173.6,-0.001219919360414707,24.535326942923295
2016-08,2170.95,-0.0012352452011046586,24.50378455285841
2016-09,2168.27,-0.019616782104688858,24.003482368440057
2016-10,2126.15,0.033603472465471074,24.843686199748824
2016-11,2198.81,0.018037103051757427,25.309831430970974
2016-12,2238.83,0.01772629809300964,25.7762073456932
2017-01,2278.87,0.036523097609435645,26.754157380190446
2017-02,2363.64,-0.0003893059401398051,26.743352521858764
2017-03,2362.72,0.009050140558437409,26.994433761743863
2017-04,2384.2,0.011509718385591177,27.316641810705622
2017-05,2411.8,0.004802282553352028,27.452626325642694
2017-06,2423.41,0.019163961513693484,27.99789136151081
2017-07,2470.3,0.0005463430563159147,28.013734158103976
2017-08,2471.65,0.01911895720324887,28.568446499779206
2017-09,2519.36,0.02194559887830511,29.217343766117985
2017-10,2575.26,0.027695515330648682,30.054228673643983
2017-11,2647.58,0.009783603904362663,30.358050946542416
2017-12,2673.61,0.05465741778702495,32.0720010381144
2018-01,2823.81,-0.0397261156359207,30.75817890056298
2018-02,2713.83,-0.02725251295379243,29.892688718686532
2018-03,2640.87,0.002715111747128934,29.976565820727036
2018-04,2648.05,0.021378202402637565,30.638789114581165
2018-05,2705.27,0.004830713496801861,30.791627040179435
2018-06,2718.37,0.03538797997679926,31.91666850130718
2018-07,2816.29,0.029814321663194848,32.898056644085905
2018-08,2901.52,0.004285106720321905,33.043313434417335
2018-09,2913.98,-0.0719293490556602,30.594600059381886
2018-10,2711.74,0.017701776759294796,31.153880616432268
2018-11,2760.17,-0.09626528711807607,28.058578066931076
2018-12,2506.85,0.07574215482837561,30.25953738596901
2019-01,2704.1,0.029295592986693514,31.175304070180694
2019-02,2784.49,0.017765541837019908,31.74691578075833
2019-03,2834.4,0.03856033644309039,33.009647870737915
2019-04,2945.83,-0.0680408888532043,30.69560120002842
2019-05,2752.06,0.06665831953424144,32.8083767126498
2019-06,2941.76,0.013042767473010496,33.24933150875284
2019-07,2980.38,-0.018257307714875135,32.62403092436877
2019-08,2926.46,0.01703524052367768,33.19682437854097
2019-09,2976.74,0.020225819582931022,33.88848317873051
2019-10,3037.56,0.033480291579323126,35.05655976831471
2019-11,3140.98,0.02818874101228944,36.07294879341787
2019-12,3230.78,-0.0016294165896177356,36.01254151562783
2020-01,3225.52,-0.08785952093620485,32.760637349433374
2020-02,2954.22,-0.13366776859296695,28.247928288658237
2020-03,2584.59,0.11942089623740584,31.740742097977183
2020-04,2912.43,0.0442864902305306,33.19071465303957
2020-05,3044.31,0.018221381004063585,33.81371669153383
2020-06,3100.29,0.053636778409248576,35.68101229931999
2020-07,3271.12,0.06771910208965368,38.16501751596948
2020-08,3500.31,-0.04001810324358949,36.59770780147843
2020-09,3363.0,-0.02805568033968923,35.54287852989511
2020-10,3269.96,0.10214644831840361,39.27560378305474
2020-11,3621.63,0.03644899728321611,40.74360915592319
2020-12,3756.07,-0.011199116821942242,40.27611760041651
2021-01,3714.24,0.02575689966712559,41.33926242009892
2021-02,3811.15,0.04156280869744297,43.099001084456326
2021-03,3972.89,0.05109732211429392,45.35234194778739
2021-04,4181.17,0.00547150655202215,45.605959090456274
2021-05,4204.11,0.02197084004586202,46.629931162816675
2021-06,4297.5,0.02249322924674322,47.70128212346851
2021-07,4395.26,0.02857805096868915,49.093069846233504
2021-08,4522.68,-0.04873776298462272,46.651645680895626
2021-09,4307.54,0.06685820979817365,49.83754940505718
2021-10,4605.38,-0.0083686511009886,49.412107691256985
2021-11,4567.0,0.042688611280446646,51.56413056031706
2021-12,4766.18,-0.05401814986501885,48.724713478185436
2022-01,4515.55,-0.0318627908789231,47.14034533111565
2022-02,4373.94,0.035148238386268404,48.832393664810986
2022-03,4530.41,-0.09206783296043518,44.24443316886052
2022-04,4131.93,5.3242466203463356e-05,44.246842094064405
2022-05,4132.15,-0.0876515744801734,40.28088514426388
2022-06,3785.38,0.08720134427422459,43.880633821673555
2022-07,4130.29,-0.04336702120583717,41.934294422997624
2022-08,3955.0,-0.09804919930362435,37.72462123215664
2022-09,3585.62,0.07683460219574133,40.70001209971016
2022-10,3871.98,0.052357944725214406,42.88333902826756
2022-11,4080.11,-0.060781799048487496,40.21603073387475
2022-12,3839.5,0.05992115787903165,42.68574301862628
2023-01,4076.6,-0.02645943030685264,41.52984314582187
2023-02,3970.15,0.03445125384186044,42.99504956789309
2023-03,4109.31,0.014536196592679839,43.63457025751668
2023-04,4169.48,0.002479248057984054,43.74523042914658
2023-05,4179.83,0.06271890993761445,46.55160250657003
2023-06,4450.38,0.030663933087959953,48.009721664056755
2023-07,4588.96,-0.01787524701848843,47.13366078300438
2023-08,4507.66,-0.04994608771197091,44.729572739638186
2023-09,4288.05,-0.02222483997777142,43.713240303247865
2023-10,4193.8,0.08542444438757674,47.53284401292102
2023-11,4567.8,0.04327897629406807,49.63329581843993
2023-12,4769.83,0.01577073041880103,50.43181987700795
2024-01,4845.65,0.05042750432692709,53.02539819639751
2024-02,5096.27,0.030547405358412088,54.675733934752486
2024-03,5254.35,-0.04250574745999363,52.3091952484721
2024-04,5035.69,0.046903838078814306,54.80960111051833
2024-05,5277.51,0.03408230240557078,56.711720812701294
2024-06,5460.48,0.011257742193535576,57.361424487155986
2024-07,5522.3,0.022577879038739614,58.67910166975553
2024-08,5648.4,0.01999561838794891,59.87242221247956
2024-09,5762.48,-0.009946079220551969,59.26698027880735
2024-10,5705.45,0.055719767688528744,62.62504241923165
2024-11,6032.38,-0.025307691689834075,61.01483946193312
2024-12,5881.63,,
