date,Bottom_stocks
2024-11,"23062,19584,23012,22662,23255,19549,15417,91068,22669,22284,16962,23872,19978,24465,24477,24285,22223,23120,22886,15904,23515,21276,23252,21833,14934,17109,89244,23804,22539,21018,24278,15540,22546,23869,22256,19021,21023,23032,23670,18568,21551,22888,20412,23776,25452,12928,23329,21518,22626,23857,22341,16793,93002,18915,93263,88372,21091,21273,20882,20893,15436,24092,19356,15493,15775,14273,17365,87344,24251,19542,16164,17315,20663,90971,22688,79686,22645,12360,19814"
2024-10,"20638,19584,22662,23857,23062,23012,19549,91068,17109,16164,22669,21276,20290,22256,22886,89244,20813,21018,16962,23670,23120,18568,23252,20412,23804,15904,23618,21910,24092,21551,15540,22626,22539,19021,22186,23815,21023,22676,23032,19331,21712,21518,21732,17250,24278,23329,18915,12360,23629,22546,15775,19356,19935,21876,17672,22615,87344,22209,24172,15272,24251,22888,17978,90971,21091,83916,93002,22327,21325,22341,20331,85390,20442,24291,93263,17365,23352,18215,20893"
2024-09,"20638,91068,19649,23857,20620,22256,19192,23670,23232,22626,22523,20575,24079,20290,23618,21833,24164,21518,18915,19814,21732,21276,22688,23032,22186,23235,23252,22676,19356,22341,20867,19021,17250,21876,22886,21910,93002,15272,15775,17978,12360,12680,84184,21034,22767,22539,14815,24051,21712,21019,23804,16393,23815,21971,14467,20442,23792,23775,17672,22667,23195,19569,21325,22615,19682,18775,81761,23874,86580,93263,16086,23352,19470,17869,21091,93126,65541,17365"
2024-08,"21025,91068,22256,24077,23775,20620,21832,20623,21876,22186,22200,22626,19814,21532,23670,21518,22540,18915,12360,21971,15272,14467,20552,14815,15775,24079,23618,88174,21732,19021,23515,22174,19657,81761,19192,24000,21833,20180,19356,88518,22341,19965,17250,21276,79841,23235,20867,23352,83916,18775,23195,84184,23874,87337,22615,21758,21325,23815,22266,21091,19470,24051,19483,21536,17365,22546,92230,91742,15127,19808,18453,21027,16962,17978,22688,16086,18075"
2024-07,"23227,20623,16998,21832,22200,22626,21876,23670,21971,13279,22540,15775,23618,91664,14467,18915,14815,12360,22615,21732,23101,25452,90081,20552,22888,22256,21276,14452,88174,20867,79841,21823,24000,19653,19483,19803,23617,16962,15272,85686,83916,21833,22266,23352,20884,23874,91500,15396,21758,22341,19657,88518,15431,18775,21110,90971,19021,23804,20607,21532,16964,21086,15914,17250,21325,15664,17974,22782,21105,22771,21019,19919,18215,22886,14828,16086,18453"
2024-06,"14444,23869,25452,13279,20640,22626,23227,23185,21876,21971,22256,23618,23670,19066,14467,21276,19653,92345,22885,19483,12360,19803,85686,16998,17349,15219,20884,90081,21760,15664,15775,21823,15489,22888,16802,18302,22540,88626,26201,20867,21536,15789,23804,15914,21732,21052,22882,13700,23031,91500,23806,22342,21908,20341,14815,22615,22771,16962,21841,20816,15272,21091,88518,22174,15396,21034,14239,18453,18775,18894,91571,91359,23617,21325,89891,79841"
2024-05,"23870,17979,23199,14444,20425,90081,21532,21823,92345,23618,22882,22626,21876,22888,22540,21018,22885,19584,19653,19808,23185,13700,22232,17349,15065,15775,22256,14467,16778,19483,22342,21091,21758,21536,23128,91500,23109,15375,15396,23031,18830,21833,21276,20607,68145,18894,20436,20867,13751,22174,21580,22341,82156,20884,16802,89244,90971,88518,20341,21325,19464,16188,21931,18302,15789,22266,15433,15272,22615,21841,92252,20893,21908,23427,20816,23113"
2024-04,"17979,93347,23113,20425,82156,22888,23618,21823,15065,90081,22882,21971,91664,14610,92252,22540,23777,21876,16778,19483,23021,22232,21536,15775,21273,19584,77624,18558,15433,17349,19653,14523,23226,23109,21276,91500,68145,20867,20609,23783,15396,22256,16188,22174,15272,14467,16179,22258,17250,22615,22523,23031,23725,18775,21325,21833,18830,22908,19470,65541,23515,15789,22266,22341,88518,20893,21758,90971,23670,20181,22272,21580,17869,21114,21091,22332"
2024-03,"93347,14610,22256,23266,22272,16788,16146,14419,90081,23102,15065,15775,77624,91664,21720,17349,23731,21971,20607,21536,21019,21018,19653,91571,23021,22328,21876,23191,14467,21273,17360,19483,20609,88626,20572,22638,17869,21759,23510,22258,15789,22313,17250,20884,91500,14611,22266,12928,13947,23415,21114,15396,20813,20867,15272,22897,19470,18775,21276,23031,17948,68145,22615,22341,22689,14536,22193,20341,20181,16712,16188,17672,21325,15639,19682,18780"
2024-02,"15065,21720,23266,22255,22256,15775,22272,16788,16400,91488,14419,23191,90081,17349,21971,16310,23021,14468,23678,20607,93237,17889,20584,22897,20439,88195,17360,17869,15789,21273,21018,18306,21536,13825,15639,21019,14611,91500,91571,20572,88807,19653,19184,17251,14720,22909,21876,17272,16712,17330,13947,17905,15396,19395,23244,14536,23415,19483,22193,14459,22266,17361,18261,20867,22615,19814,17313,23216,17250,21786,22313,20863,90976,14467,23664"
2024-01,"15833,15065,90081,22602,15775,22256,22801,18306,23021,19184,15639,17272,20607,20584,18402,17251,16824,14296,19395,21971,15789,91500,17967,17349,91571,19980,13798,15431,19644,90926,22245,13825,19653,16188,13954,21876,20280,18775,19391,12928,23031,21019,22615,14239,22771,19814,20662,68145,21844,19352,18643,16793,13278,21536,15396,14245,60599,86444,21551,21908,22689,22174,79089,21736,19584,20337,22897,88807,19682,17948,22266,17898,21560,15059,31668"
2023-12,"23397,15833,23514,22602,90081,17272,23058,20462,14245,20334,22801,17966,16532,19008,21575,20607,21019,13954,22782,19184,17967,20280,22670,21062,91500,21764,22223,20662,21560,20312,19682,22245,23021,21971,21860,21844,19077,14239,19653,19947,91571,88937,12527,17313,14296,15789,19953,23119,19476,13278,22908,16792,21536,18955,10547,17898,19080,16188,19391,15639,19980,21750,18203,22679,14459,22897,21935,21786,13825,21908,19491,84757,14466,20842,13798"
2023-11,"17272,23058,14245,19499,21575,14879,22670,13954,21062,22610,90081,20884,12527,85526,20662,20312,20436,91500,22565,16792,91571,23119,13883,22897,19947,20281,20607,88937,52231,21560,21844,60599,19953,19978,14296,16145,17349,21513,18372,17313,90926,21975,19008,20825,20173,15789,75694,22782,14459,10547,17966,19077,21757,21599,22679,20280,22245,13825,22266,21351,18203,14239,18129,20867,16894,23031,18785,16188,23428,20332,11636,15431,23204"
2023-10,"19978,21698,20825,19024,20281,14245,23204,19499,13455,21575,17272,52231,18372,20436,20662,16792,18413,22603,22610,21844,90926,91500,19947,60599,21513,85526,17313,91571,17109,12017,22255,90298,16145,90081,19397,21560,22897,16376,14459,19487,18405,14422,75694,20884,16594,23031,20798,12751,21949,18203,13825,93345,21526,22266,21757,15789,18663,20173,21761,21912,20801,16739,21335,13883,92981,12928,18955,21114,20593,23244,17349,23428"
2023-09,"23273,91428,22347,23204,22565,19487,19846,19024,21575,20281,21577,90926,23178,19397,14245,19499,16792,21844,60599,14556,17272,21832,88937,23321,14424,18562,19847,17889,19140,23194,21114,18405,22897,16594,18102,16145,75694,20436,23193,20173,17113,18309,13278,21835,19649,21949,91822,12017,88471,82779,14459,91571,23102,21560,21599,21761,21720,19947,18203,17313,15062,16931,21935,13700,14611,13825,20801,19986,19314,16188,14422,21540,21790"
2023-08,"23204,22347,23194,19846,22565,19397,19649,18781,19024,76461,15904,18377,21844,20412,21575,82779,17272,21835,14424,20281,20422,14245,13278,20101,19499,19847,16820,23226,21577,19314,22667,88937,23007,20331,22897,20150,21832,14556,60599,21923,21309,75694,91571,21949,17907,21114,17690,21588,14523,91822,22284,20290,13954,20436,20194,88994,22260,19025,18309,20410,17889,45225,13700,85526,19644,15631,20437,15863,80577,16145,13867,17313,21829"
2023-07,"90319,14542,76461,21260,20412,21575,18781,22185,22667,17222,20101,17907,20999,18830,21844,19024,22670,13278,15904,82779,18377,20312,16070,88937,19249,60599,23057,20290,20281,21309,15087,21832,16820,18678,14991,89301,22523,14245,15631,20721,93345,13954,22634,19576,22284,22321,21949,21913,21114,20436,17315,21923,22897,19644,75694,15863,22763,20846,19615,21720,22186,19331,20637,23194,88174,21835,20194,20410,88195,45225,19193,91571,16753,20120"
2023-06,"84788,90319,14542,21260,76461,20999,20581,21889,20721,20281,22321,16070,19986,17907,15358,19024,19956,21575,17222,82779,21913,21720,21844,89301,22523,19576,22185,20331,22897,21760,20173,18377,19644,21114,60599,19331,18901,18830,21416,18457,14107,21289,93132,19249,75694,93436,18547,22786,21912,19196,23057,14661,22260,21949,86581,20120,21923,13954,13108,21832,22670,16655,21601,84302,13278,22767,21586,93350,77202,17315,21281,20902,77437"
2023-05,"84788,14542,90319,21889,23058,14934,20581,19024,20331,17315,15358,21760,21588,20436,20281,18830,19025,22286,22565,82779,20721,23057,22238,86581,19391,16655,19956,21913,21844,21044,20607,18377,89301,17222,19576,18568,22763,19499,88174,75694,14245,22311,21114,22634,88807,93350,20196,22897,21912,13108,21601,57913,19947,14615,21720,19644,21761,13751,85419,21923,18547,22679,93132,18784,22260,93436,20902,19331,22786,19812,21053,18845"
2023-04,"22767,22885,84788,14542,90319,15358,87759,16655,21913,13707,14934,17315,22565,89301,86581,21588,18309,82779,20194,21575,19024,16877,22311,18568,18648,20581,21044,22634,20120,14245,19644,20281,75694,20196,17044,21912,93132,20436,14615,22316,15382,17222,18830,18784,13751,93436,18457,21336,21114,18377,21720,21601,20663,21841,20721,19576,20333,90664,19953,93350,21923,22786,18547,19187,22763,19812,22320,21927,10890,17091,93345,20640"
2023-03,"22767,84788,90319,14542,22523,16655,15358,20194,20623,22670,13707,20196,21947,22763,17315,82779,21913,21588,22316,82156,20581,17045,93132,86581,22565,21927,14245,16877,89301,19644,21286,20281,22781,75694,17044,13798,17222,19024,93436,20663,22660,19679,18784,14615,21336,21912,21114,21761,18830,20894,21601,21841,18783,21575,18648,18457,21044,21026,20163,21547,21771,19193,20902,10890,20120,22229,18547,90664,15382,89449,15295,13511"
2023-02,"20975,84788,16655,90319,14542,15358,21947,20163,20194,17315,22667,17979,22316,17045,22655,22297,19352,19180,19778,20623,21912,15375,22670,21336,82779,19179,20636,14615,21920,20196,18203,21114,20798,90483,20801,93436,21053,18784,18830,22229,20663,19401,21026,21286,17222,16829,22286,16974,14813,17044,21580,82156,20339,20281,85526,19559,15902,18997,21761,17354,19978,57154,19986,19893,20894,93132,19193,84607,21779,81761,22565,89301"
2023-01,"84788,15358,85757,16655,90319,14542,20975,19352,21912,17315,16670,19401,86581,13712,19483,19193,19180,17979,19944,19778,18203,20194,21026,22316,16393,21336,20663,17045,16788,90483,17141,22255,19978,21331,19986,82779,17044,19179,20135,13279,15375,18644,22297,16626,18784,20196,19196,22229,19679,20564,20581,16066,19644,20798,89891,20902,20339,16829,19850,21779,14615,20776,93237,85526,17309,19397,19398,22342,20615,93132,17270,17354"
2022-12,"15358,84788,14542,90319,17146,92252,22329,16655,16626,19193,21912,85757,12500,19196,20663,20439,17045,16788,17948,18203,20194,19483,21790,21562,22255,19644,17309,13712,19401,16066,82779,20601,18784,20564,14444,19978,20196,18558,19986,16310,21336,93350,21913,16829,15664,19615,21379,17134,18206,19500,15277,14935,19847,19464,19463,20346,19679,17346,21779,17044,20609,17315,16532,19066,22232,89301,21763,19004,20147,19400"
2022-11,"15358,20412,76963,90319,14542,84788,85757,92252,18089,19004,20462,20439,17146,12500,20194,17948,18644,20196,19193,19500,18203,16655,17134,18940,20663,19400,20576,15664,14935,17147,17309,88507,20058,19778,19679,19196,21790,16066,19986,21779,20578,16829,20564,17044,17038,18784,20339,18899,17045,22210,21120,19893,17315,19978,82779,19847,16164,21379,16824,22232,90664,19066,14983,19025,89449,89301,18458,17106,19994,21975"
2022-10,"15358,85757,20412,84788,90319,14542,17044,76963,17948,18089,87759,16066,16005,16310,19004,21288,19944,20196,19193,16255,15510,20194,19460,19401,18203,21790,16655,20663,16824,18940,19400,19196,17038,21684,19778,14879,19956,19338,20149,15639,16181,17147,18458,20578,19463,20058,16595,21539,19679,13883,90664,19893,17045,17825,21053,20787,16765,17315,82779,19994,18899,19197,16778,18784,89301,16829,19353,14610,93132,21863"
2022-09,"18648,15358,85757,20776,17948,17044,84788,14542,90319,16681,87759,16066,18556,20194,16161,19944,20644,15510,20280,19460,19893,16655,19401,18940,19196,19778,16255,19400,21790,20564,18203,20196,21539,17354,21770,18458,20663,21788,93126,15057,21684,20578,21842,14711,19849,16595,21062,14257,19338,21693,19197,21691,19542,12360,19681,13883,76711,16778,17038,15639,18215,19463,21120,19193,16111,20798,19137,17315,90664,19251"
2022-08,"15358,84788,18648,17948,20776,16681,21722,18644,87759,18556,16466,16655,19778,20280,20194,16066,18940,19944,19338,19137,18203,17038,19893,19401,19814,20663,20801,16161,20567,85757,21770,19956,82215,15639,21604,19179,14257,20600,65752,82670,21691,92213,19464,21547,17678,18213,20733,19592,84184,19569,20564,19135,21120,84819,76711,16181,19849,15057,12360,20295,19542,19196,18768,20318,16829,15508,13883,21757,90664,19193,17106"
2022-07,"17948,16681,21526,18648,20112,16466,20280,19944,18644,84184,21547,18203,19778,21541,19464,82215,16931,19338,18855,16655,19994,13947,20058,19893,19193,20733,85757,21110,19137,19149,87656,14535,20578,15833,19197,19948,18770,19008,18940,20318,82670,19113,20194,21379,90483,19496,21263,17892,19847,19401,19135,19862,14257,15431,16626,20333,18458,20567,77515,19251,16066,12488,19978,19176,19993,19544,19542,17038,16120,18467,18302"
2022-06,"21110,16681,17948,16670,19944,20112,18203,20280,20567,18855,12339,18648,20578,18559,20058,19778,19400,20632,19113,20163,19492,16309,20733,19314,19496,19948,91184,20318,19070,17892,13947,19338,19544,14535,19004,29744,19628,14107,19993,20630,12350,16120,19681,44813,19137,19846,19135,19556,18770,16066,19994,16931,18213,85570,77624,85757,15639,19353,16626,19008,19251,76711,21324,21263,19623,20194,19193,14185,18940,13411"
2022-05,"16681,17948,12339,21110,18203,16670,91457,16120,19944,16309,19113,19314,19778,20280,19948,19176,20318,18780,19994,18644,19628,19846,20578,18461,19993,90483,91184,20632,77624,19544,19400,20573,19070,19077,20567,20058,20733,18648,13947,20333,18395,44813,20389,19251,19492,19681,19623,18559,17678,21041,19338,15639,13954,20630,19556,19135,85570,18213,18770,19004,19008,19862,20761,19197,85757,18302,17270,18372,17690,20469"
2022-04,"16681,17948,12339,16120,18203,65752,16670,17134,17147,17366,19846,20318,18644,19628,18780,19939,20567,20578,19944,19113,91457,19948,18648,90483,18770,20280,19176,16309,19077,14790,19993,17678,20058,19862,16937,76711,13954,19556,20333,20632,18395,77624,18292,19195,12350,20469,20462,19492,15062,19814,19234,19338,19778,19137,19994,19400,15172,10066,17105,19544,19135,20297,18559,19476,19313,18213,19623,89125,17345,18781,86080"
2022-03,"91457,20455,16120,12339,17948,17366,16670,16681,65752,19833,17134,20337,18780,16309,19939,19814,20318,19008,19113,19313,19944,19846,16824,19993,17678,17147,18559,76711,14690,14790,19628,19472,20333,90483,19234,77624,19556,20439,18770,18644,19400,20578,18836,14720,19176,19862,18292,18936,20425,19338,17271,18132,19492,20567,13954,11511,19681,13279,20058,17362,20469,17967,90640,19999,20287,19994,19840,90907,16974,19956,86080"
2022-02,"91457,12339,16120,19999,19833,16681,17948,20337,16670,17134,20333,20112,20439,16309,19113,19939,15914,19008,20455,20334,19814,14790,20318,19862,17678,13954,14720,19973,77624,48072,19657,19994,19556,19313,20389,18936,18780,16528,76711,20287,16974,19681,19647,16739,17038,88620,19472,18836,16786,17362,92468,19135,16541,91269,92917,89125,79066,19993,19176,18719,19234,15493,18559,18776,19948,20058,20297,17980,20193,13947,19134"
2022-01,"91457,12339,16681,20334,19833,16670,19993,17147,16309,19113,19008,20337,20318,19313,20112,19574,14790,19994,18776,20058,18213,19176,18936,19939,19681,89125,77624,20333,19556,19999,19965,19234,13279,17271,13947,14611,19628,18836,19492,16792,19862,19657,19499,19500,20193,16146,17134,17871,19973,12699,19778,18780,15015,19251,20297,18940,18559,82670,18419,15914,76711,16541,19624,18098,17000,13621,92917,16255,14273,88620"
2021-12,"91457,12339,16681,16309,16120,19833,19313,19483,19113,18776,19993,14790,20112,16670,14690,18997,17147,14937,81761,19965,19008,15431,19176,16824,13411,18836,89125,19492,19569,91269,92468,19862,15914,15065,19997,18648,82156,19234,65752,16386,15015,19574,14611,13279,77569,13954,90177,76711,18215,20169,14316,77624,16255,12397,15436,17109,16792,19657,19681,19556,16146,19939,19470,18419,19559,90313,19778,16990,19811,17880,20101"
2021-11,"91457,12339,16681,16120,16309,19483,16670,19997,14790,18776,19113,19472,18836,89125,19862,18997,19973,14937,12497,19965,15856,15431,19833,19313,14690,15065,19176,19993,16386,17147,92468,19008,17362,19234,14925,82156,15436,19657,90177,13279,18215,19395,13947,17832,19569,62148,19556,15015,12397,17871,14674,14316,19574,16824,77624,13954,19628,36468,86580,19778,13411,19492,19551,19811,92775,52090,15373,89155,19656,88507,16739"
2021-10,"91457,15364,12339,16309,19483,16120,16778,17366,18997,16386,16670,14925,88362,19113,89125,15431,12497,19313,14790,19472,18776,14158,10253,14690,15065,92468,17147,15856,17913,19569,15436,18836,19176,19234,13947,19833,13954,15848,82156,15831,19657,19574,19500,15914,14316,17362,19008,18215,86580,15373,62148,86080,90177,88507,16940,19778,36468,18058,19628,89155,19541,52090,17832,11275,16824,12745,19656,19811,18580,17908"
2021-09,"91457,15364,12339,16120,15287,19483,18997,12497,16778,16309,14790,88362,10253,19313,16386,14531,18836,82156,15416,14158,89125,16940,17366,15856,15431,92468,15065,17907,18994,14690,18776,14925,19395,18215,19176,16111,15848,19472,17870,86580,19113,15436,16670,15015,19628,16929,16824,11275,88507,19070,52090,86080,15361,89155,19551,18058,17955,80812,19569,62148,17871,13954,18427,19234,13947,19008,36468,12745,15857"
2021-08,"91457,15364,19483,16309,12497,18997,14790,19077,10253,17366,16778,88362,82156,89125,14925,15287,16120,14593,12339,14531,12527,18058,16820,15436,15416,90926,14158,15856,15373,14276,15015,19313,87832,12017,92468,90682,36468,16940,18103,19574,82747,19176,55862,11275,15056,62148,89155,16545,52090,76591,18215,15361,18776,19008,93436,86444,19192,89971,15219,17825,85293,16929,16533,19113,17870,85002,19569,18836,17968"
2021-07,"91457,19080,18997,15364,14790,12497,17907,19077,82156,14531,15287,19313,88362,86444,17361,19483,19176,88208,15416,89125,14925,15015,12017,16940,15856,18058,14593,14158,10253,16255,17968,86916,18664,17041,18897,19008,15373,13954,82747,16120,17870,92468,16820,17366,13455,16992,90682,17358,80774,17678,16778,90177,83799,19192,19391,92981,18215,87832,85002,92380,11275,19233,14133,15436,19251,18838,14316,36468"
2021-06,"91457,15364,19080,18997,14790,15015,12497,19077,19313,15287,18897,16940,16255,85293,14531,17366,18664,17816,88362,17968,82156,15436,15058,15416,18103,11275,17361,15373,88208,15856,17907,18644,14593,90177,12745,10253,87657,17115,13883,17262,83799,92981,16778,17326,82747,80774,36468,86444,17870,85002,14925,13947,17358,14466,16820,14316,15361,52090,89155,18402,19073,92468,18058,87656,81133,18901,18215"
2021-05,"91457,18997,19080,18468,12497,18897,15364,11275,19077,88362,15287,18664,16255,14822,17366,12745,15373,16940,87657,17816,15058,14593,14531,13455,15856,17361,17262,14316,19313,18678,18058,16987,15416,92468,18644,14466,90177,16179,85346,17968,18215,17115,18402,18103,19331,13947,19014,15631,52090,89155,83799,18253,19192,18255,17326,88507,15831,15056,19008,18901,16788,17870,80774,15135,14611,14925"
2021-04,"19314,18997,19080,18897,17361,18664,16255,19077,18468,88362,12497,13883,16940,15287,16788,15373,87657,14531,14593,17041,14822,15364,11275,16778,19192,16802,92518,80774,89155,17968,52090,17816,15856,19011,46923,81133,83799,85346,18644,77569,19271,13712,17366,19315,13947,18678,19014,17358,15416,17871,92469,89875,14674,14316,16454,90943,14133,89297,15135,16987,18185,18887,18643,18648,15015"
2021-03,"18897,18997,17361,19080,13883,46923,18664,16987,12497,16788,18468,16255,19077,12745,16737,89971,19195,88362,14531,17357,13730,15287,18663,18824,17041,87657,16940,77236,19011,18901,88392,34367,14133,85744,16442,13820,16922,14822,16887,79362,19066,17879,19257,18645,14593,19192,83969,15373,11275,15062,89728,18402,18644,16403,17830,79122,16533,77569,90219,19234,19233,15002,15645,17252"
2021-02,"18897,17361,18997,18827,18303,14133,15287,19080,18670,12745,17854,16442,15268,16987,19192,16788,18664,18901,15364,16737,13730,79122,18129,15002,13883,17041,18468,14822,17357,14468,89971,46923,88362,15645,18663,14137,13820,15062,77236,14328,17317,18372,17879,17266,12497,84167,19195,14610,16887,17905,16689,18773,18678,18824,15177,17690,79444,34673,16940,85744,14531,34367,87589"
2021-01,"17854,17361,16689,16737,16442,77236,17816,18303,18664,15177,18897,12745,15287,15268,15002,79122,13730,14137,34673,13820,16021,15172,16788,18129,17041,79237,15645,88897,13883,18468,18402,15416,17251,85419,12497,79444,89971,93299,19142,88362,34367,14296,90101,88392,17317,12788,19080,15219,84167,17357,15510,47723,18824,16179,68866,92326,15364,13712,90542,17783,90533,16778"
2020-12,"16442,34673,77236,18897,85419,16689,79237,18303,18089,16737,13730,18054,88897,12788,13820,14296,14490,17361,15002,17357,13883,78170,17251,15287,16021,18664,91594,15857,17317,15457,84167,12644,79122,34367,51423,18468,17252,34833,15416,84041,14419,12745,91915,88392,90542,16922,14268,13983,92326,93299,14773,16660,18047,90751,47723,19065,16179,19080,88362,89728,16537"
2020-11,"12397,18897,77236,16442,18054,14490,16737,12788,18303,79237,34673,13730,16537,13820,16021,17271,88897,18089,17251,78170,16660,51423,17977,16689,17357,84167,13883,89570,13983,91594,17361,15002,87198,17317,34833,58975,93065,88392,14296,79122,92326,12644,16675,15457,16887,18405,14268,91915,18129,14608,91215,85168,17905,18261,90400,10044,76711,14773,79444"
2020-10,"12397,18303,77236,18897,18224,16689,14826,14490,87198,16737,17251,15293,17271,13820,13279,18660,17317,84167,91594,78170,15002,14268,13883,17272,85390,90400,14296,17977,16887,14172,16660,17043,34833,18468,93065,12786,18664,18047,17121,18259,90672,88392,15457,14608,16877,13730,12745,17109,84041,15913,16538,19721,28118,15539,16923,88897,17039,12009"
2020-09,"90298,18224,91021,17816,14490,16689,16737,17317,77236,14826,87198,19721,49488,16887,18303,17043,17357,65752,93065,91594,17908,17898,14172,18047,18664,79089,17272,89453,89728,14828,14268,15293,16448,85390,18468,16660,13883,14151,34673,14185,15014,17977,13820,18046,18667,16497,16923,18660,83910,12913,91822,92621,14505,91915,15539,78170,10866"
2020-08,"18224,16086,14490,16689,18048,17251,17898,18303,17977,13883,17252,16737,16401,87198,16448,89570,16673,17272,17357,16975,82526,14826,18047,90672,77236,17908,17043,17372,49488,18663,17039,93126,50606,16538,13820,18678,12745,14505,14828,18667,93065,18046,18660,16497,92621,14185,16442,89728,14151,19721,12788,16617,15539,15457,12009,89002"
2020-07,"16086,18048,18224,16473,16737,93126,18663,17251,18303,18365,18660,16689,14490,17898,14056,16681,16401,16673,87198,16442,14828,16660,14172,92380,50606,90672,18047,16922,68866,79237,82526,17977,17272,17372,15784,15457,16448,13820,14185,13883,88897,17043,14505,14431,16465,15293,16975,16617,14826,14813,88471,15537,17091,16497,79198,17693"
2020-06,"18048,18224,16401,16999,17251,18151,13883,18303,14490,15784,88471,16689,18663,92380,16400,17091,18211,16463,16975,12577,18395,18660,90989,68866,18047,16660,17115,16442,17357,17043,79237,88897,85757,18556,17977,17272,14505,18365,16562,17898,18667,16617,34673,15457,90101,87198,89449,14828,16737,17252,16681,17885,14431,13820,18292"
2020-05,"18048,16021,17251,18224,16999,16442,16401,68866,14682,78170,17115,16400,85757,14505,14179,18151,16689,18556,13738,88897,86536,16448,17039,17252,29102,16617,17898,15784,13820,14268,34673,16681,14936,13244,39490,14137,17272,88240,89449,12788,17977,90672,18395,18292,14490,89570,16463,17783,14556,14937,17113,79237,17891,10253"
2020-04,"18048,18224,17115,16252,16681,18292,17109,17979,18211,17039,18129,92102,17251,14682,14179,17898,15775,89570,18405,17272,16562,16689,14556,15857,17977,18261,13455,17323,16497,17809,16975,16929,50017,17889,12577,90672,88853,16448,17870,18467,18253,14536,16021,81728,15787,82702,13621,24328,15837,14431,18416,14828,14505"
2020-03,"16681,16802,17115,18224,18292,18396,17889,16252,17272,15857,18096,92102,15775,17898,18211,16562,17039,17977,14682,16689,18261,17323,89570,16975,50017,18405,13621,81728,17968,12009,16497,18413,17913,17809,15787,87656,12527,17271,17141,17967,15896,89301,17316,82702,15837,24328,14611,80306,12577,16818,14431,13812"
2020-02,"16400,16681,14610,16802,16401,18372,17115,89449,18292,18224,15015,18089,18211,17272,17351,57913,17271,16765,17109,17360,17977,15857,18261,17889,13812,14556,16562,15361,18048,14711,92102,17323,16689,16975,17898,14682,15775,85686,85540,14179,12527,90672,89570,93338,17968,18096,14611,18365,18151,92521,13621,15787,17913,17251"
2020-01,"14610,17690,16401,17115,18292,18224,17889,93338,18211,15015,17272,14611,17109,17271,18089,14711,89449,90101,57913,18102,85540,17968,15361,85686,16562,14179,15775,17898,18048,17877,17251,16975,17360,16673,14708,13812,82702,16021,17977,17951,92102,90672,12577,15787,88240,81728,13337,16689,17913,16611,18261,17967,18013,80306"
2019-12,"17854,14107,16401,92594,18211,17115,90101,17889,14611,18102,93338,17109,15361,89449,92102,14711,18089,15057,85686,16400,13337,82702,17949,15775,14179,17968,17251,13202,18195,17977,80306,16021,42358,17877,14137,18096,16108,14815,15787,14419,78002,17913,14991,12009,50017,16611,14682,18013,90288,16673,18217,87656,13621"
2019-11,"18054,17115,15775,18211,92594,16401,93338,16161,16090,92102,16400,18089,17889,17949,89449,82702,17251,13337,16675,17109,89175,14179,15057,17955,17968,17877,15491,15971,14137,16021,13202,93237,50017,78418,15361,14308,18013,14459,16792,12397,17977,87656,15995,18195,90288,15837,16673,15787,13621,17318,52396,90101,18096"
2019-10,"15775,17115,18089,93338,18054,16090,16161,92102,16108,82702,14815,87656,88173,16401,16675,17949,13337,17877,16400,12411,89449,14308,14137,17968,15971,89175,17889,52396,17271,13202,14879,17977,14179,17251,17109,12076,17372,14459,14682,16542,18132,15787,17690,50017,15995,18013,17955,16021,16877,16673,24328,93237,14431"
2019-09,"15132,15775,17877,17115,14879,88173,52396,17372,16108,17271,13202,14815,14308,82702,60186,16400,17109,87656,92102,15862,89449,17955,12411,16675,90029,89029,16877,14137,83756,93338,90101,18013,13337,13621,14682,17690,14459,14710,16401,93237,14145,14179,16792,17113,15452,84275,12076,81728,15361,89244,84302,24328"
2019-08,"17115,15775,17271,16877,16108,17877,17372,15396,89029,60186,14444,14308,16401,16709,12411,52396,13202,89449,93338,15862,89244,90101,79903,93237,17109,16675,16820,16931,16542,17690,16611,92797,17979,14710,17113,92102,13337,92252,14137,13621,14145,16458,14179,13700,84275,17955,14879,14611,15533,92467,90029,16400"
2019-07,"15219,16090,17877,15417,16877,15375,16931,16108,17271,16611,60186,16542,17885,16473,89244,92345,15862,15396,16675,14444,91305,13202,14145,14308,16709,52396,16820,93237,17372,14710,92686,15775,84275,16792,17109,15294,12411,13621,17318,17905,16786,79903,89413,17113,16992,17690,13124,14556,15186,14137,87589,80912,89394"
2019-06,"15219,16877,88462,92091,15417,17360,16108,16542,14535,15664,60186,15862,15436,17690,17318,91742,16792,17113,15294,16937,14316,16709,16675,14072,17372,91305,14145,89244,14556,93237,52396,14710,84275,80577,16458,18075,16712,15533,15960,79903,14308,84419,15914,89413,14937,87589,13124,82779,17122,92467,79026,14548"
2019-05,"14615,92091,17360,16090,13844,16877,77699,88462,15862,16709,92520,15664,14936,16108,15268,16342,15914,14535,16937,16712,60186,16542,45225,14308,13124,80577,14710,16675,91184,14813,89244,14072,17113,92665,84275,16466,88471,81527,17122,93306,17120,16792,31668,93237,15294,75714,79026,18075,15775,15361,85419,87589"
2019-04,"14615,16877,17105,16090,16466,13844,88462,14535,16542,90907,16108,16255,16776,16937,17120,92520,93237,17266,14936,75714,15664,14308,81084,15862,17122,90640,93306,15294,16684,15533,16709,88471,17360,16310,14316,91283,89244,31668,16342,17113,91184,15382,15784,90081,92665,83756,15896,16792,84275,15002,14556,87589"
2019-03,"16877,15784,90907,14551,16776,15862,17266,16255,14535,16108,90640,92213,88462,16090,17105,81084,17120,93306,75714,12017,16937,10258,15533,17122,93237,17113,15664,16792,14308,14710,91283,90875,16857,16310,89394,82670,15896,16542,92594,84275,16560,15002,16342,90081,12592,65285,16161,80812,16903,15433,17262"
2019-02,"16877,10258,16255,16776,92213,15862,17266,88462,13279,14551,17120,13700,15664,81084,12017,75714,16937,16090,14535,82848,17105,92520,92594,16376,93306,89394,90783,86165,91283,16712,92345,13159,14710,84275,80812,18075,16342,17140,80343,12209,17113,15943,46834,16471,15846,16857,13337,16536,16903,13706,14690"
2019-01,"92213,15862,16255,75714,16937,81084,14535,15664,16776,16090,93306,90433,13621,92520,86536,82848,16393,16712,13279,13812,80343,81527,14934,13700,15542,88462,14877,15943,13303,90783,16342,17105,13159,89394,16263,14668,13706,16792,92345,24328,86165,14710,12209,45225,14708,16903,16824,18075,17140,91392"
2018-12,"17105,14791,14107,92213,81527,75714,14535,93306,16393,17120,13812,18075,17122,13706,86536,12209,16857,16712,45225,39571,75654,16937,84387,91392,15664,93380,16792,33209,13303,16471,13621,15863,15416,16437,14424,15862,16824,28629,90783,90595,91163,16342,15896,14545,14479,92230,16560,16990,86290"
2018-11,"15542,14791,14107,16990,13652,16877,16255,81084,13812,13706,92520,16776,15664,93306,15902,14535,12209,88462,84387,16712,75714,68145,79878,16393,90595,14419,39571,18075,13621,81527,65008,14545,86165,16987,93380,88988,91392,88673,28629,15863,16937,33209,15971,93012,15896,92345,13159,92688,16536,13452"
2018-10,"90926,16931,16255,15542,13652,16776,14535,16712,13706,68145,16181,15943,88462,14056,15902,75714,93306,16393,14424,87043,86165,15863,16765,88673,92688,15493,91742,13621,14545,88988,90177,39571,13956,92345,79878,83885,15664,12209,16937,16541,28118,15796,14531,85346,84387,91392,15057,15896,18075,15971"
2018-09,"90926,16393,14535,81084,92130,13706,13956,13878,16776,16535,14056,14661,87043,15664,16765,14545,93306,88988,16181,16781,83885,15971,92688,91742,33209,13783,16541,39571,15493,91488,14276,15002,16836,79878,90177,16263,12209,15863,88284,15914,15896,88673,75714,28118,16536,82581,13326,13750,91392,90223"
2018-08,"14535,16535,15396,12339,13706,15493,81084,16393,14545,47387,87043,16181,16765,14661,16781,14591,15542,79280,92091,91742,14132,15971,90223,13700,88988,13326,90783,15664,16836,39571,75714,14611,88673,82581,13956,14276,92688,14862,93306,16533,86165,14424,16776,91392,14686,13878,82587,44813,13321,15002"
2018-07,"16535,15971,15396,16532,13706,15375,16393,16181,81084,14661,15493,92252,14545,16765,16781,88988,12579,12339,13563,90783,16786,14132,15542,16182,85346,16541,90098,82581,16392,87043,14424,13326,13700,90223,88284,86812,18148,39571,14686,75573,81527,79878,82587,89648,60986,78915,13956,78034,13321"
2018-06,"16532,15784,15396,15971,13706,16535,15375,15493,13326,91021,16182,14424,88511,12339,85346,88988,13828,16697,90098,13563,12680,16536,15542,16310,90783,79878,92688,14661,92252,16541,16392,90483,90223,15863,82848,15776,90288,39571,16611,15219,15129,82581,16393,14545,88284,91082,14686,86812,16524"
2018-05,"16532,15508,14424,15493,89648,85346,92917,15268,90098,13700,88511,91021,15219,13563,15971,12339,14580,16393,90223,16611,16181,13828,13326,79878,92688,16182,92252,15863,16310,14545,14661,14690,16541,82581,28118,16290,11499,90955,16535,82567,92536,80577,88988,92172,39571,83520,14686,14313,16524"
2018-04,"15508,15493,90298,14424,15436,16541,85346,92917,14580,13563,92252,15305,92536,14661,15971,79878,15268,16181,12339,13828,14313,16252,13976,16393,90223,82581,11499,15960,83520,16310,89413,15776,90098,92172,16182,79573,82567,14690,16473,14452,13796,16290,75034,13783,83885,13326,93069,14708"
2018-03,"13844,90298,15493,15436,16541,14580,14536,85346,16181,13828,91366,14545,13976,82848,92172,15305,14661,12339,15961,79878,16290,15396,92252,15089,15491,11499,90783,14328,89413,79089,15059,14313,14424,16393,82581,90223,92917,85686,93237,16252,83145,80774,11267,14936,89029,16594,83520,90098"
2018-02,"13844,15172,16179,92594,15493,14536,14580,14276,91366,16164,16541,15491,15904,15382,85346,79089,15059,92172,16290,90170,16181,15396,15089,15305,14661,16104,90098,12339,15416,79878,16070,15902,16473,11499,15417,89648,14051,13828,29102,57913,82581,90783,65752,85686,14328,15645,15961,83520"
2018-01,"15172,92594,77437,16070,15793,14276,93069,16179,14580,15491,15382,15493,12397,91366,79089,15396,92172,16164,16290,15059,15089,14452,90098,65752,89648,29102,15417,15221,85686,79878,79573,82848,11499,12339,15914,13652,16104,75652,14936,14661,15305,14328,91822,13563,16181,89413,89922,13828"
2017-12,"12500,12397,77437,15015,93069,15491,16164,16070,91366,79089,16252,85686,15396,15793,15305,13828,15493,89413,29102,14276,15914,92601,65752,12339,27167,92172,14690,90783,75652,16104,92521,13976,16376,21055,83520,15221,16290,15089,90979,13652,14328,15902,89540,92380,15059,15456,15056"
2017-11,"14296,14325,14813,15015,15396,15833,15902,91366,15221,12500,85686,16252,13883,93069,15491,16104,15305,79089,91348,88031,82848,15089,90783,13783,13976,16090,75652,12339,14444,27167,15914,92521,92601,65752,11267,14936,83520,84010,14690,92172,15062,16181,14435,90098,14328,11379,13508"
2017-10,"14296,15221,14325,15396,15015,14813,15793,27167,15833,93069,13883,16104,91348,15416,12350,16310,85686,92172,14936,82848,16252,90098,77699,15943,13976,79089,12488,92686,15062,15177,14826,14435,76127,16181,75652,78170,90783,80812,91822,65752,84413,88031,15305,80069,21055,85293"
2017-09,"15221,82779,15015,93069,27167,16104,92380,13918,14936,15416,13883,80069,15943,16086,16181,92172,50606,14797,14432,92686,90098,77699,14452,79066,90542,13976,13652,13783,82848,88031,12488,15305,84413,15914,83520,15062,88807,15177,15089,12360,79089,15491,14879,91366,10463,91348"
2017-08,"14591,82779,50606,15015,93069,15221,92686,77699,14791,16086,14797,13783,13918,14936,16099,80069,15943,88240,14432,88031,13883,15062,16181,15177,79089,15305,84413,15491,92475,16164,92536,79066,14580,15416,10463,92380,13976,84072,12577,15787,82848,14313,92172,15854,14452"
2017-07,"16099,82779,15015,14791,77699,44813,14591,14936,92686,14797,13883,13918,14432,80069,10463,15431,88031,14056,15854,15062,15943,92536,88240,15177,15305,15796,15787,15995,92601,14158,15416,14580,84413,15491,13783,14807,90029,79089,15793,91366,15057,15961,88994,14879,77569"
2017-06,"14937,82779,77699,13411,14936,13116,14797,88208,13883,15416,13918,15221,44813,15015,80069,14815,15177,15914,15062,88031,90288,10463,15431,77569,90926,80307,90029,92380,14432,88462,91021,12699,88994,15277,14580,15543,14466,15846,12360,82702,15533,82848,15396,15854,15491"
2017-05,"14937,15015,88208,15221,13883,14936,15062,12699,13652,13918,15294,13116,14580,10463,14797,80069,88031,15277,14815,80307,90288,15914,15831,90926,15846,90029,15416,88462,82702,15431,87227,14545,15177,15396,86990,77569,90101,14609,80812,88994,15533,79089,91560,13455,79618"
2017-04,"80577,13652,13883,14107,15221,77699,90029,15416,15015,90979,14936,14815,15294,15277,88031,15914,15854,13959,91076,86990,13918,15062,15379,12699,15431,10463,81527,83976,15177,14609,14545,14610,90101,90483,80812,79618,79089,14807,15846,92131,82702,92427,89698,29938"
2017-03,"15172,13652,14936,80307,14107,15294,13918,15221,15379,90029,90979,77699,14325,15062,13883,15854,91184,14815,81527,82779,15277,88031,13959,14545,77569,15015,80812,50606,86990,13411,13751,14466,89387,83976,82702,14313,91076,12699,86474,10463,88284,15510,15431,51263"
2017-02,"80307,90029,14815,15294,15015,14551,15375,91076,14325,82779,89029,15172,88284,13883,14936,14826,91184,92380,14591,14466,79618,15854,88994,13279,77699,88031,81527,90979,13959,92252,82702,12360,13116,12579,12699,15431,15277,51263,13652,80812,15787,86990,14545,14432"
2017-01,"14815,14551,82779,13279,80307,15172,90029,15294,13116,14936,91076,88284,14325,80069,10258,15787,14432,14545,92252,14923,13652,15431,81527,14790,88031,13918,15854,14497,15378,15303,91082,13323,50606,79618,92518,82702,10463,13883,13967,15062,15361,15789,88195,15793"
2016-12,"13870,13116,15285,91076,92594,14815,10258,82779,14711,50606,88284,15172,80307,13967,15294,15787,14545,14432,81784,15854,51263,15789,80812,89973,13652,14923,92326,14790,92621,13918,14826,15431,92518,14807,13687,15378,14991,90029,15303,14708,90178,14467,92095,90608"
2016-11,"15645,13844,15285,14937,13870,91076,92426,92594,50606,81784,15303,15378,80307,14815,15662,15294,15172,92621,13918,80812,82779,92326,51263,14432,13959,13323,92518,10258,13687,15787,15776,14711,91606,15072,14051,14826,12146,93338,14545,10333,15789,79903,79618"
2016-10,"15645,14711,14937,13870,80307,86949,92426,14815,15277,15294,15303,91076,81784,50606,92621,88284,12146,15172,15378,14545,14051,13967,14551,10258,14826,51263,80812,91606,15431,90630,92326,80306,13687,15379,91734,91453,15371,92518,14422,14466,14424,14668,14935"
2016-09,"13870,14711,80307,13116,14937,14815,91184,15277,14051,13967,92426,92621,81784,86949,91076,91606,80577,15294,84566,13954,15303,13202,15378,88284,50606,14823,14545,55212,13883,14923,15431,89191,15219,11644,14668,14694,14466,15072,80812,14935,14826,12146,14435"
2016-08,"13870,14815,80307,15597,14051,91832,92426,13967,91606,15378,14923,14711,13954,92621,84566,15277,14694,13202,91076,13883,80306,10258,86949,81784,15533,88284,15303,15072,14823,14790,15219,89191,91453,14422,50606,55212,90885,14107,15294,14245,14545,14826,15062"
2016-07,"79444,13870,92621,80307,92426,89393,91832,79903,13967,15219,91076,14056,15378,10258,90885,50606,15303,14694,91111,13202,14711,13954,88284,88863,15277,80306,55212,89191,92245,14245,15382,14953,81784,14551,13883,92521,14923,13947,14107,13323,92470,14790"
2016-06,"79444,90829,92621,13967,10258,80307,13870,89393,92426,14790,13954,15378,13621,14056,91076,15303,91111,13116,13202,14711,88518,89191,55212,90885,14694,13947,13939,81784,89889,13883,15382,15375,15219,88863,90285,13323,81046,12927,15058,15132,79903,80306"
2016-05,"14452,13116,92621,92426,91111,90829,13967,80307,15285,13870,10258,15303,14790,13621,81784,13954,45225,89393,13323,15058,13202,55212,91135,14711,91453,12577,92245,13939,51263,85502,92679,89191,14694,91021,50606,89889,93338,12745,14935,92682,12927,14619"
2016-04,"13116,92621,92426,18148,13202,91111,12397,92245,13870,14790,90829,13967,55212,49488,91135,13939,12577,14711,93371,13883,14862,13954,92470,81784,78170,13323,92679,15058,12411,14823,13621,14316,90285,14935,45225,14591,25304,80306,89191,89393,88863"
2016-03,"90829,55212,13116,13883,91135,18148,91111,89547,49488,12577,90285,92621,81784,13202,13452,14790,14823,14711,12411,13323,93338,92245,92426,50606,12927,45225,13870,89191,89393,14862,13621,85502,88807,12905,13939,81774,15058,89935,15219,12332,14296"
2016-02,"55212,90829,89547,82156,85502,14711,12411,14444,13452,83244,14296,13116,91135,14813,13870,13883,90285,12905,91111,49488,81784,45225,50606,14790,27422,89191,13202,81046,92426,89393,91416,12927,89898,86799,92245,85168,12577,13323,93126,37402,78841"
2016-01,"13323,55212,83244,90829,14444,89547,14790,12905,14296,14813,85502,13883,89191,49488,86799,13452,12927,13202,91135,92345,37402,92621,82156,81046,91416,14684,78664,45225,50606,13559,85168,92521,15132,81010,92611,76644,14336,83883,91321,27828,27422"
2015-12,"88240,14813,14296,83244,55212,89547,86799,91135,90829,14619,13202,13116,14790,10333,92682,85502,14452,13917,12905,81010,92345,85168,89191,11644,81046,86776,12927,77202,92621,13939,13452,91416,80534,89935,78664,87439,90735,14684,92611,85570,27422"
2015-11,"13315,88240,13116,14296,91305,91135,14619,55212,14813,83244,11644,90829,10333,85168,13452,92986,13202,90735,89935,79444,89547,14682,27422,81010,89191,37402,14452,78841,14790,14615,92682,89244,13323,14684,91707,14497,14936,14316,93338,14548,76644"
2015-10,"13844,13315,91305,13116,91135,14813,11644,14619,79444,14615,10333,90829,14682,78841,83244,12927,92470,89244,14936,81046,81010,89393,89547,85602,14548,89935,13917,92981,87439,34666,91416,86776,91707,77236,78664,93338,13328,14296,14790,13323,14523"
2015-09,"11644,14619,14424,13315,13116,78841,89244,79444,27422,89547,91135,89935,92470,14535,90829,91707,93338,89393,78664,91689,14452,90533,81010,81046,14813,85502,14296,91584,92601,86776,34666,77236,12786,83883,80534,12447,91416,13328,85168,81165"
2015-08,"14424,13315,14619,11644,91283,89244,89547,14813,27422,90829,14452,89935,92470,13328,92981,93338,86776,34666,80534,78841,92611,77236,81165,14353,13116,79444,14548,91584,84566,13559,91689,91416,92986,91082,81010,14296,88779,13828,91135,14708,13918"
2015-07,"14060,11644,13315,91283,14619,13324,13328,91305,14452,92470,92981,14720,89547,14708,80534,89244,13757,14531,79444,87364,81165,93338,84566,89935,91742,13559,14548,78841,81010,91416,92611,34666,90533,91082,14353,92679,12573,88462,91584,27422,12786"
2015-06,"13315,11644,14593,14497,13328,92981,91742,13324,14353,91283,14663,91305,90298,13757,92611,13559,55001,14531,89935,80534,91082,13918,93338,92917,89547,91584,85002,81165,91416,92470,84566,27422,87198,78841,79444,87444,13376,92252,14495,88471"
2015-05,"92981,11644,90298,90640,91305,12579,13328,14610,13315,14593,14497,89935,93338,78841,90533,89169,27422,14353,91283,85567,13324,13757,79444,92470,13930,91082,12397,14523,92611,13918,14548,14495,88462,81165,79237,12786,89244,12573,85002,87198"
2015-04,"90640,13315,92981,13328,82526,13324,11644,12579,93302,14593,91305,14497,14523,85567,79039,14495,14353,13757,13930,91082,76927,92470,93338,14435,27422,81282,90907,12350,92619,90533,88462,78960,92986,14056,13751,84566,72304,87364,12397,12786"
2015-03,"89505,13328,91021,13315,91305,82526,13324,11644,92981,90170,14593,13930,93302,13757,14435,13918,92986,88159,88526,91082,93338,93350,92619,91095,12350,90423,81282,85567,80912,75470,27422,90088,80069,92470,12786,90325,90533,85602,13798,91402"
2015-02,"89505,92557,13918,90098,91021,13315,13328,13798,88159,82526,14056,14593,90170,12350,13930,13324,92981,13757,91305,92594,90325,86916,48072,88372,88526,80912,81282,85567,93338,91095,79249,92475,12786,82162,91082,27422,89029,88626,90423"
2015-01,"91233,13918,14593,13930,89505,79249,63263,13757,82526,88159,13315,13328,85567,81282,84172,85539,13455,45225,92981,89029,85992,27422,93338,92594,48072,12350,80912,88462,85602,13124,24441,78664,68145,13693,13798,75470,13302,88534,93337"
2014-12,"91233,18148,14593,13918,63263,82526,48072,13930,79249,43553,88159,81282,13757,86474,14056,85992,24441,90907,68145,13302,90400,85567,87227,88534,89505,88462,45225,11803,85401,75470,11144,91184,90088,88511,84172,83756,13455,90917,90423"
2014-11,"91233,85254,80563,14593,18148,14056,63263,43553,13757,88159,13930,85992,81282,90751,90917,88511,45225,85567,13260,76461,82526,84172,75470,68145,85539,27422,24441,48072,13508,93302,13563,79490,85401,89898,11144,14258,13455,42286,13959"
2014-10,"91233,18148,85254,14056,80563,14593,63263,13159,85539,85992,43553,13693,12350,87508,13757,12017,85401,82526,81282,90751,89898,79490,76461,13563,88511,45225,14060,13455,75470,87227,90917,13930,10258,48072,91095,42286,13959,13508,84172"
2014-09,"18148,91233,13159,14593,85254,80563,14056,85539,63263,79122,90751,43553,45225,85992,82526,92521,13757,86233,87508,13693,13563,81282,13411,75470,90126,68145,91428,13455,14060,14051,42286,89505,88511,86728,13279,76461,91095,87227,84072"
2014-08,"91233,86233,18148,90640,85254,14593,13159,80563,14056,63263,12350,43553,79122,13693,90955,90751,87508,92521,82526,90126,13376,14060,85992,91428,68145,45225,89244,13411,90917,89175,88511,76082,88807,90476,42286,75470,89394,89898,85539"
2014-07,"91233,85254,13159,80563,79122,63263,13693,43553,90751,82526,87508,91836,90955,12350,45225,85992,88807,90126,18148,91095,89244,89175,84072,89898,42286,83883,90476,83303,12049,76082,24441,13563,12497,13883,89413,77175,13411,89394,85539"
2014-06,"91233,13159,85254,80563,79122,18148,13693,63263,91201,43553,82526,13750,12497,87508,85992,91095,89244,10253,30940,90751,12350,13376,45225,12049,77175,85539,83883,92294,83779,11803,90476,88807,76573,90496,42286,90227,90228,77393"
2014-05,"91233,13159,85254,80563,79122,13693,63263,89169,43553,87508,91201,18148,13376,10253,91832,10028,90496,12049,12497,89244,30796,30940,86745,91836,76082,85992,83883,84661,45225,90751,18729,83387,84072,84660,85067,90476,84181,90227"
2014-04,"91233,89169,85254,79122,80563,13693,13159,63263,90215,43553,87508,12049,13376,10028,12497,87251,13828,30796,84072,30940,83445,91283,89244,88810,89611,85992,13786,90496,89630,76082,18729,83387,21207,79663,89175,13545,83883,84181"
2014-03,"91233,85254,79122,63263,80563,13376,10028,12049,90215,43553,13159,92089,13693,84819,30796,89175,79663,30940,88810,87251,83520,91283,87508,85992,83445,18148,89611,13786,77175,88240,84181,84072,84661,13545,91836,24441,13180,18729"
2014-02,"85254,79122,30796,80563,13376,90215,12049,13545,13159,92089,83445,10028,89175,89630,43553,88810,13693,92536,79663,84072,92181,91832,13750,88240,91421,90118,87251,24441,30940,90695,91283,89648,13180,83520,91689,92893,89692"
2014-01,"85254,79122,80563,90215,30796,83445,12049,13159,13376,90443,89630,13545,83909,90118,13180,88810,79663,10028,24441,88208,71298,89175,89648,88240,90433,89692,30940,90695,12447,91689,92893,32651,84072,87251,83520,89965,92089"
2013-12,"79122,13376,12049,90215,13159,77928,92040,88810,30796,13693,90443,92091,83909,90029,10253,89630,13545,10028,83445,89648,87251,83987,91689,79663,89965,91021,12447,76837,30940,89692,90695,76230,83520,82307,24441,78223"
2013-11,"84511,88208,90029,89630,13376,83445,83520,90215,30796,77928,13545,24441,12049,88810,83909,10253,90443,87251,13278,91826,89648,92040,92181,71298,83987,30940,78223,91689,89965,32651,81734,76837,70704,80534,90695,92802"
2013-10,"84511,88208,90029,91826,88810,90215,83445,10253,83520,92802,77928,89630,12049,13376,87251,30796,79663,12350,10860,80534,30940,90443,83987,28118,71298,92040,91604,85570,91021,81013,20482,89965,78756,76837,91689,12488"
2013-09,"88208,90215,92802,90029,83520,78960,89630,79122,91826,88810,83445,77928,12049,87251,10253,81761,83987,71298,30940,91689,10860,75603,79663,83756,80534,88526,30796,70704,92040,82156,89698,83909,12579,92893,78756,92557"
2013-08,"90029,81761,88810,86233,90215,88208,92802,80306,10860,92557,91488,88526,89630,78960,27422,85744,83445,30796,91689,77928,30940,87251,75603,92040,90125,71298,88174,12049,83987,79122,83909,11308,80534,12350,12579"
2013-07,"13452,92557,91826,90215,12579,27422,91488,92802,12049,86233,10860,87251,90125,77928,80306,85744,91604,85724,89630,88526,79499,83445,11691,80534,30796,89965,89875,83987,28118,77202,79122,88174,13260,13376,83799"
2013-06,"93237,12497,90215,12579,91826,91488,85724,77202,90640,12350,12049,87251,93085,92802,86165,10860,90125,91604,89965,88208,27422,78960,88526,81481,11691,61241,13260,92893,10645,85744,89630,71298,92557,83445,91095"
2013-05,"93237,12579,90955,12350,45225,27422,77202,12497,80306,13260,91826,85724,61241,10645,86165,80069,12488,90640,91488,92802,13046,91742,85744,90029,90483,13376,77928,93085,88526,28118,10860,12397,76946,81481,83987"
2013-04,"12488,12579,13108,80306,13260,12350,77202,45225,12497,61241,90955,80069,91826,27422,11803,92802,12397,28629,90298,85724,90029,91201,92518,77928,90125,90436,89349,91734,13046,79362,91742,12690,93067,86051,85744"
2013-03,"12488,12579,12497,12350,45225,13108,77202,92802,11803,89169,80306,61241,80069,90955,91734,13279,90298,91826,85724,90483,93067,92248,78091,82555,77928,28629,65008,84566,81481,12397,91305,12078,13278,86051"
2013-02,"12579,45225,13108,12497,77202,92802,93067,89169,90288,65008,85724,10257,84566,12350,61241,11803,91826,12360,90955,12397,93345,28629,92248,80306,93177,92040,79362,90125,78091,90443,87344,90483,89965,79039"
2013-01,"45225,13108,12579,77202,93067,12497,79362,11803,85724,92802,65008,93345,61241,90125,84566,90483,77595,90371,12592,88807,28629,91734,91826,12569,12350,27422,59600,10257,92248,90735,61313,87344,92466,89572"
2012-12,"45225,13108,79686,93067,79362,12579,12680,65008,59600,61241,12569,91625,87043,89935,12078,12497,80069,84566,77595,87344,89965,11803,91584,86745,90371,48961,76946,12360,87128,93347,79618,61313,77202,85724"
2012-11,"45225,85724,91184,12579,93067,93274,84827,12680,79686,11803,65008,89935,91734,90542,12078,87344,86745,85502,87128,77595,79362,84566,90298,91584,93380,88240,48961,90088,92470,91625,76946,89971,12570,91611"
2012-10,"45225,85724,18148,91184,84827,88240,91611,91625,86745,12680,93067,91734,85502,79362,84566,90088,90608,92470,90542,91584,12497,93237,86929,12570,92520,11803,88988,91161,65008,38850,93345,87128,92213"
2012-09,"93380,91611,45225,86745,90443,89393,12360,91184,85724,79362,89927,90679,93272,91734,92248,12680,93067,18148,90088,91625,92521,11803,84827,12579,12497,87128,86929,91457,92917,92536,89965,45306,65008"
2012-08,"90325,91611,93380,90943,91457,12360,92917,65008,91184,90443,77437,45225,89393,12680,12527,88351,93067,91734,79362,85724,86745,12579,90679,12266,86929,89971,12570,90976,91664,91606,80341,78091,12497"
2012-07,"90325,91611,93380,12680,89875,90943,91184,12360,65008,88351,85401,91457,89393,91607,38850,90443,91734,79362,45225,80341,89169,57913,91606,12266,93067,88988,85724,93345,12009,83756,84827,12527,86929"
2012-06,"12680,91379,91611,89875,93380,91184,12360,91457,85401,88351,62148,88988,90976,89393,38850,57913,79362,65008,12009,93345,85724,86745,89941,84827,91607,11752,80969,92536,93272,76934,82281,88620,83756"
2012-05,"91611,91184,91457,93380,85401,76934,12680,84184,62148,12360,89941,91379,91607,82281,86745,90976,57913,88988,84827,91021,88372,80969,12009,77175,93345,12488,83756,65008,85724,89394,88462,38850,93272"
2012-04,"77175,91611,92986,85401,86745,91184,12527,91457,62148,93380,82281,12488,88620,12360,92682,76934,90976,57913,91607,93345,88988,63546,65008,91453,80969,12009,84184,84827,93069,80795,85724,85272,91664"
2012-03,"92986,92682,77175,12488,82281,91184,93380,12527,83885,91457,85401,86745,91453,91607,10333,90976,12009,93350,12360,91664,91611,80795,62148,90542,78091,88620,38850,76934,93347,57913,88988,93069,84827"
2012-02,"82281,77175,90943,88620,12360,83651,78091,12488,91607,83885,93380,86233,10333,92486,91184,38850,91611,85401,90542,75844,90976,91457,50286,86745,90313,86728,92594,12411,93347,93350,92747,93274,91664"
2012-01,"82281,12488,77175,85401,90943,88620,12360,78091,50286,92557,38850,90608,92486,86233,91607,90976,91457,10443,93274,89169,86728,75844,93350,90542,90313,10333,91184,85285,93380,90926,83651,86745"
2011-12,"82281,77175,78091,85254,85401,91607,91457,92557,76934,10443,12360,90976,85757,93274,86745,75844,12411,34367,93177,90313,86233,57913,93350,12397,38850,89169,62148,80969,93347,65285,92427,81774"
2011-11,"77175,82281,93380,12360,92557,91457,85254,85401,91607,78091,90976,93274,90325,93347,88807,85293,10443,75844,86233,90313,62148,93069,81774,93126,80539,33849,34367,76934,57913,65285,86165,85397"
2011-10,"82281,77175,78091,85254,93274,85293,91457,90325,10443,90313,90955,92557,34367,90976,93347,83651,33849,80539,57913,62148,75844,91607,93302,65285,91672,86233,88807,90126,93083,87299,12017,92897"
2011-09,"85254,77175,93347,10443,90955,75844,78091,57913,85293,82281,93274,93083,62148,80539,87299,92897,90313,93069,34367,88885,91672,92470,65285,85397,90126,93289,86745,90288,90976,93126,90285,93302"
2011-08,"10443,77175,85254,90955,92682,93274,78091,93347,86949,82281,85293,92594,88620,90126,93126,92897,93069,81736,90313,90976,78875,90706,12017,92589,62148,86745,92986,83799,93012,75844,90285,65285"
2011-07,"10443,92986,85254,92682,92380,90955,78091,77175,90313,83885,90885,93350,86949,93069,90706,93347,93083,92594,93302,81736,92897,87608,93274,92252,91672,92852,82281,85757,83799,93177,80306,19271"
2011-06,"18148,10443,78091,85254,77175,89935,93177,90885,92380,89169,91672,85293,90955,92682,86949,90126,81736,83799,65285,90313,82747,92486,39917,17144,80306,10779,75844,90476,93069,83885,90875,79686"
2011-05,"90857,85254,89935,10443,92594,18148,92917,92486,93237,82747,90885,88372,91672,86916,90313,91348,86728,83885,81736,93177,87608,92682,88208,10257,90126,10779,89169,93289,85293,90476,10258,93350"
2011-04,"90857,85254,10443,76221,88673,89935,90955,87608,92917,86581,82747,93237,74908,85602,91348,90885,89891,63125,88351,91672,90126,81736,90313,75844,10779,17144,92688,83883,92753,39917,92486,81741"
2011-03,"90857,85254,90955,10443,76221,88673,92594,92917,86916,93237,90885,88372,87608,89891,90907,82747,91348,90285,10779,17144,80179,86581,87832,86728,85272,89753,85602,63125,83799,92753,93177,81736"
2011-02,"90857,86916,85254,93237,88372,88673,90955,76221,90885,92917,93073,82747,39917,89891,92594,87439,17144,93004,92486,90907,87608,87832,49373,79499,63546,80179,91754,85602,89753,50286,10779,90178"
2011-01,"86581,92917,90857,88673,76221,77699,90885,82156,87439,90955,87832,92486,88372,86916,39917,89891,85889,90720,91348,89753,87608,83885,93073,91607,83883,92753,85602,17144,93004,90177,88511,10779"
2010-12,"89891,90857,92917,82156,88673,76221,92486,87832,93073,77699,84601,86916,39917,87608,93004,48072,92897,91348,90885,85602,82526,50286,83391,89134,88372,85768,90720,75070,85889,88511,88391,17144"
2010-11,"87832,89891,90857,92486,92917,88673,76221,77699,90926,79499,39917,93073,91348,80179,48072,85889,93004,87162,87608,91754,88372,89753,86916,82526,75070,12266,83391,79066,85602,88391,79586"
2010-10,"90857,92917,92486,92380,92557,88673,77699,87832,91428,89891,91910,91269,89753,76221,93004,79066,79499,90926,82526,88195,92040,91754,87608,83391,90126,80179,39917,91234,85768,85205,82747"
2010-09,"92380,90857,92040,92557,90720,88673,89891,76221,10333,91910,82526,77699,82779,93004,87832,92917,79066,90926,92486,92520,91082,39917,85768,48072,89753,83391,87608,86444,80179,82508,77605"
2010-08,"90857,92040,76221,92917,90177,77699,88673,89891,92520,91428,85768,92486,48072,86578,90720,91186,90409,90483,10333,82526,89753,79066,79499,87608,82779,79338,84319,78081,84302,91836,76661"
2010-07,"92917,90857,92040,76221,88673,92380,92520,48072,91428,89891,71985,87608,90483,85205,84302,92753,90409,82508,77699,92486,88810,78081,76661,87404,83391,84563,78985,84072,76478,91742,46923"
2010-06,"76221,84184,88673,92380,92917,85205,91937,48072,84072,92040,87608,90409,91742,85293,89857,91186,92470,88807,92520,46923,89134,83391,78213,85502,78081,82599,91428,85768,89349,92486,71985"
2010-05,"85205,92380,92040,89898,48072,91937,90409,91606,87608,89606,78213,85293,82599,90926,78081,85768,92917,79586,92486,90783,82508,84072,11144,46923,91611,87053,89134,90868,77437,71985,79637"
2010-04,"92380,91937,92040,89898,91606,85205,48072,11144,46923,82508,85768,90483,87608,78213,90409,85526,76661,78081,85293,89301,79586,10463,90423,90868,85502,92486,88970,91215,87016,10200,77437"
2010-03,"82508,92380,48072,91937,89898,92040,87608,85205,78213,11144,85293,92520,90409,84511,90483,10258,78081,92521,90868,85768,85526,84072,90943,83534,84819,92596,29058,13303,85502,89301,90783"
2010-02,"82508,89898,85205,84511,91453,92040,90409,90783,77437,90483,87608,10257,78213,90298,91937,91560,91832,83486,11144,89505,92380,90943,13303,78841,91571,10258,76672,92468,78985,85293"
2010-01,"92213,78213,82508,77117,92594,90409,10257,92040,91937,89898,90783,13303,91453,85205,80857,91571,78841,21020,90483,10258,83520,87162,78876,65752,82599,88568,88742,91234,88970,92521"
2009-12,"92594,85526,92213,78213,77117,82508,91453,91937,92040,90409,89898,90298,88626,91832,91359,84607,79322,90783,92521,13303,46923,65752,88462,91103,88203,90483,90907,88568,78044,85272"
2009-11,"85526,92594,91437,92213,90783,82508,91832,77117,90409,46923,85272,13303,89898,91453,88568,79444,90483,84184,88462,18649,78759,34673,87006,11144,91201,89698,85205,48961,86349,78876"
2009-10,"91359,90783,85526,91437,85176,84607,85272,91453,60468,91560,91201,91283,77117,39731,80343,11891,79444,88810,90409,92213,90999,92521,92594,90533,34673,90950,83244,46923,91832,87016"
2009-09,"91359,75578,77117,90783,88417,85526,60468,80343,91283,85176,83244,91560,88485,90314,91453,90505,83989,84607,11891,61496,85272,89916,79444,39731,89698,82156,17137,51263,77202,79108"
2009-08,"77117,75578,83244,90783,80343,79444,90314,60468,91560,88485,79198,90505,50286,92528,90568,33532,61269,47941,91606,51263,92570,84413,91379,61496,79322,90999,89698,90533,11891"
2009-07,"84176,61496,83244,90783,80343,79444,90314,92096,92686,90568,87508,90533,17137,76644,89698,91560,91379,60468,85440,80534,82800,90989,51263,90505,84607,92528,92521,90999,72119"
2009-06,"84176,86547,83244,79444,90314,61496,92096,92570,91201,80343,90177,90505,90783,81740,90856,89698,47941,90825,85440,91437,84607,51263,79198,76644,91560,80534,91607,90744,90533"
2009-05,"84176,83244,92570,90505,11891,90314,79444,86547,90825,47941,85627,90783,51263,11154,80193,33532,23579,90856,90097,92528,12226,75573,91201,91437,91928,90999,84413,27422,11379"
2009-04,"84176,90505,83244,80193,11891,85627,91090,90825,11379,79444,86489,17137,54704,65285,10890,91321,88439,12226,92528,75573,11154,80343,85168,51263,23579,90856,89824,92589,48347"
2009-03,"84176,91090,83244,86547,88988,90505,89824,91321,90558,90856,85627,48347,90097,82800,91584,90783,11891,51263,79663,86128,80193,85168,74908,33849,77570,32791,23579,92091"
2009-02,"91090,89824,84176,90505,90288,56223,90783,89965,85602,79663,90558,15203,92468,90744,91321,92326,91161,90856,91602,82518,89044,82800,32791,91928,79758,85526,91278,11891"
2009-01,"91090,11154,90505,90825,89824,84176,89965,90288,90783,91928,59600,91742,92468,90377,90177,39731,80534,79663,84607,85602,79758,82800,86547,88863,91321,91277,84262,91278"
2008-12,"89824,91090,11154,84176,90377,59600,90505,79663,82800,90783,91928,86128,86547,90756,90825,10874,15203,79758,85602,92326,90744,76095,11891,92096,79791,89327,10253,65270"
2008-11,"91090,79663,82800,84176,90177,20618,89611,91103,90744,91664,90377,86547,59600,84519,90783,50286,85040,79758,71985,87344,88807,91366,79573,90756,91673,80069,88534,84319"
2008-10,"91090,86080,85040,90288,90177,84176,88988,86547,82800,79663,34666,91103,50286,90756,89611,88807,71985,80276,84319,79758,33452,91076,91826,89606,89889,33532,20618,92218,91366"
2008-09,"82526,91090,86080,86489,85040,86165,84176,50286,91103,90288,34666,90177,89606,86580,37154,79573,70704,90595,79758,86547,79663,84319,80276,82800,89540,91664,75573,83989,89611"
2008-08,"82526,86489,91103,91090,86165,90288,88988,91186,85040,79573,86080,21020,88372,50286,90595,86916,84319,91366,89971,92583,91612,89889,90177,88742,91076,89606,33452,86990,90285,79758"
2008-07,"86080,86916,86489,79663,79573,91103,90288,85040,91090,90285,59600,89889,86165,84319,21020,86444,80193,91612,92583,90783,90464,10779,91926,86990,78908,86233,13901,90098,88742,79758"
2008-06,"86080,85040,91090,88372,86916,86489,79663,91186,79573,86233,86990,90285,86444,85539,90595,86165,80812,59600,71985,91076,90288,88742,86964,13901,52231,91612,83149,83145,50286,88988"
2008-05,"86080,79663,85040,90288,91186,86233,86489,79573,90595,88372,86916,83145,85539,86964,59600,89449,80193,88240,71985,86165,83149,91815,91604,77780,91090,90423,13901,88427,86158,43334"
2008-04,"86080,89449,91186,79573,86916,85539,86489,80193,90288,86990,90595,89941,82281,85040,83149,86165,91815,91604,90907,12226,90885,88742,75573,86026,11379,86964,77780,78081,81124,90706"
2008-03,"89449,91186,80193,86916,88372,79573,86990,85539,91672,87825,90907,13769,86026,86158,65285,88427,86964,91627,90706,10866,86810,85390,59600,90926,91815,78629,79066,90081,41080"
2008-02,"77780,79122,80193,65285,91186,83145,10866,79573,79909,85539,86990,54148,87825,13769,86810,86916,86026,88372,83391,83534,75342,89731,52708,91571,89508,91627,85926,90496,83149"
2008-01,"77780,79122,90476,80193,90885,65285,91664,79909,75342,86916,86990,89731,79573,86810,52708,85539,88372,83145,54148,87825,80054,91672,10866,86964,85926,12226,91186,79007,80577"
2007-12,"85293,77780,80193,65285,91161,75342,87825,80539,88240,85539,80577,80054,85390,82747,85926,86165,83145,10866,52708,89731,90720,12226,90353,54148,90706,72304,79909,89508,89597"
2007-11,"85293,77780,80193,86098,75342,87825,85390,65285,72304,79909,91161,90907,86810,85926,54148,80034,83145,85539,12226,89508,88427,88742,85686,30681,52337,52708,89731,90285,78081"
2007-10,"85293,77780,80193,86098,87825,85539,88260,72304,65285,90288,52337,69446,75342,83145,85686,85390,86728,90285,90476,88742,86990,85926,84819,88427,87016,79909,80969,54148,61241"
2007-09,"85293,77780,90288,90476,85539,80193,69446,83145,87825,80539,85686,87016,75342,65285,88957,52231,84819,85926,89449,27334,88240,78081,72304,90999,61241,88427,83621,86929,85205"
2007-08,"85293,90288,77780,80635,85539,69446,88427,90476,84819,72304,88957,78841,85424,83145,84072,34833,80054,91161,52231,83910,90605,83621,86929,27334,80539,83762,80193,55993,22103"
2007-07,"88031,85293,90288,77780,90125,88360,91269,85539,90664,23819,86929,80054,78841,80635,90476,88260,78975,84607,52231,90285,34833,61399,90976,89857,84819,27334,80306,32707,83145"
2007-06,"88031,85293,87430,90125,88360,90288,77780,91269,52231,28484,87725,80054,90664,55993,90353,87717,23819,53110,61241,89876,83112,78908,86799,80233,84042,80362,87364,85539,61399"
2007-05,"90125,83534,85293,90288,88031,88360,87430,77780,81728,90664,33099,55993,52231,89876,77202,28484,10032,61241,89889,23819,37154,32707,88260,10779,85002,83112,80362,53110,90476"
2007-04,"85293,83534,90125,89637,77780,88031,90288,81728,82156,55993,87725,33099,85002,89876,77202,90298,28484,86990,88360,89175,88260,32707,37154,37381,90664,90353,85285,82779"
2007-03,"85293,83534,88362,81728,89637,88360,87583,82156,33099,90288,80089,90298,88260,28484,55993,85002,89876,61241,32707,88031,80635,77202,23819,86990,83883,87725,29102,37381"
2007-02,"81728,83534,85293,90125,88362,80415,88360,82156,89637,32707,28484,80089,88351,33099,87583,29102,90298,85002,89876,88031,37381,23819,90917,88260,84413,61146,84403,86990"
2007-01,"81728,83534,77505,90125,61146,82156,80089,88362,80415,88031,90476,88360,33099,90917,28484,85539,89637,89175,90298,32707,88511,83883,84403,87583,29102,61399,87430,77236"
2006-12,"81728,90125,83534,61146,83883,88362,77505,37381,80089,80415,88360,85539,89637,28484,90476,33099,88511,55993,82156,90917,87583,88031,32707,89875,89935,88260,31691,84403"
2006-11,"83534,88362,37381,42358,81728,90917,83885,80089,87583,82156,80415,87430,89637,90476,28484,88511,61146,33099,10550,89698,32707,88360,89876,84403,89935,81084,29102,82637"
2006-10,"88362,81728,83885,37381,83534,82156,80089,89637,88511,90476,80415,90917,33099,28484,42358,87583,88260,87430,88360,78908,84403,89698,61146,89546,32707,89876,82637,88810"
2006-09,"81728,37381,83534,88362,88511,79881,90476,82156,88260,80089,80415,87583,90427,61146,54148,87053,83885,90679,89637,33099,42358,84403,78908,85177,57913,86990,88360"
2006-08,"37381,83534,90476,82156,81728,88511,79881,80089,83885,54148,77437,84403,42358,88260,90427,61146,87583,88362,57913,85539,90298,82171,82637,84511,49373,89217,65285"
2006-07,"70228,90476,80089,82156,37381,88260,79881,42358,88362,88779,82621,84403,81728,54148,57913,49373,90427,88534,88511,83885,84511,33099,85539,87583,89935,61146,90298"
2006-06,"37381,87583,70228,80089,42358,90476,82156,88362,79881,88511,84403,88534,49373,89297,88260,90298,89353,82637,81728,90228,54148,90427,90227,80577,28345,57913,82171"
2006-05,"90170,42358,80089,87583,88779,88534,49373,82637,70228,90476,68145,84403,90228,69796,81728,82171,84373,90227,88362,63773,57913,87053,85372,89353,54148,38659,12431"
2006-04,"38295,82621,57913,89941,88779,84761,68145,70228,90608,42358,90476,82637,38033,49373,76963,88534,90228,84403,87053,63773,90227,89505,89449,28345,85440,58836,69796"
2006-03,"38295,57913,89941,87404,90476,76582,88895,70228,82621,89505,81861,63773,88779,88810,58836,80193,76963,84761,68145,90098,87053,89394,11752,89810,42358,49373,84833"
2006-02,"38295,57913,82743,87404,88779,89505,87053,89810,76934,79122,76582,89941,89031,88620,78876,88895,83910,81621,68145,79280,83651,88810,63773,38033,76948,70228,85440"
2006-01,"38295,82743,89031,57913,89941,79280,42358,88779,88620,79499,58836,87825,83910,89505,89810,87404,88863,86356,88895,87053,85177,85440,18148,85645,79122,11174,86810"
2005-12,"38295,89941,89031,82743,87404,90313,87825,89505,88779,89875,89810,83910,79499,86356,88895,75607,79686,86728,11752,79108,88683,85645,84833,11174,86810,76582"
2005-11,"38295,89031,83910,89941,89875,89505,82743,11368,76582,75607,89810,85645,18148,86356,10463,90313,82779,76948,79906,42877,87825,90223,88683,89655,88620,49373"
2005-10,"87656,82743,38295,89031,83910,75607,81013,89505,89175,89875,89655,86356,85013,89941,88860,11368,10463,18148,88620,79879,80069,87825,90223,32651,82779,76948"
2005-09,"38295,82743,82779,89031,89505,81013,88860,75607,18148,81741,86356,79879,85013,10463,84176,89655,83149,11752,10501,63773,38659,88620,85645,90223,17830,84072"
2005-08,"38295,82743,85768,82779,81013,89031,89505,84072,85013,18148,83910,81741,87825,86356,88411,88860,79879,88994,85440,10463,10333,75607,88620,89655,88863,84176"
2005-07,"38295,82743,85768,12226,87825,89031,89505,88620,81013,83910,10333,18148,78081,87656,90126,82747,88860,89393,82555,79879,86356,83149,89810,86047,89110,88683"
2005-06,"82743,38295,85768,88620,89505,12226,78081,83910,10333,81013,90126,89031,87825,86047,88319,82779,89393,86356,76279,80306,79108,89655,82747,81741,75607,88683"
2005-05,"34367,82743,10333,78081,82779,85768,88351,81013,12226,83762,84072,88860,80054,89031,87656,88620,11636,90125,33532,90126,76614,87825,84519,76279,82526,89393"
2005-04,"34367,82743,89031,81013,20598,10333,86047,85768,12226,89393,80054,89110,12209,89297,82747,88620,85602,82779,83303,88860,84519,33532,88351,86051,89029,87487"
2005-03,"34367,81013,82743,89297,86047,86051,20598,85602,12209,82547,89031,89393,80054,88620,33532,12226,77263,85768,83303,82779,89110,12266,88182,75854,81741,88860"
2005-02,"34367,89393,89031,82743,79996,81013,85602,20598,77263,12226,33532,80054,86047,10333,88620,82547,86051,76591,89986,83762,76948,88181,84072,84519,82587,82526"
2005-01,"34367,89393,82743,80054,81013,88620,10333,86047,79996,85768,82547,89031,88863,85602,20598,83390,84519,76279,77263,33532,77165,85502,88839,18148,89731"
2004-12,"34367,83303,89393,80054,79996,86047,88863,83390,89297,81013,84607,10333,82587,82743,88174,76279,85602,80791,76392,86572,84519,72304,78759,88620,82547"
2004-11,"34367,83303,86047,76279,76934,83390,89393,80054,79996,88863,84519,10333,79122,85502,72304,80791,83651,88620,87487,89353,10200,85602,48144,87430,82547"
2004-10,"34367,76934,79122,76279,86047,80054,83651,83390,84519,10200,88620,10333,79996,88863,81761,87364,85502,89353,78044,89641,86572,80307,89393,83756,85602"
2004-09,"34367,10200,86047,80054,84413,88863,83390,19828,76279,85002,87364,81222,77357,80307,88620,10333,77505,87075,82547,78044,79996,87825,85602,84519,72304"
2004-08,"34367,84413,10200,19828,80054,88863,81222,78044,77505,85602,77357,77263,85002,83651,80307,81124,86572,76279,87075,10463,79039,79066,85724,87056,88742"
2004-07,"34367,76934,84413,79066,19828,80307,78044,85002,81222,85394,79039,77505,77357,88742,10200,78876,81124,83651,85757,86572,87075,83390,80791,81084,88863"
2004-06,"84413,76934,78044,79066,19828,80307,85394,77357,81222,83509,79039,10200,80791,88863,85002,70578,33209,85889,88742,29946,76744,11533,87056,29938,65285"
2004-05,"76934,83509,19828,84413,85394,80307,85002,10200,79066,88742,81222,79122,85889,79039,70578,77357,81124,81084,87439,29946,29938,22592,78981,61313,84769"
2004-04,"83509,19828,84413,85540,85394,76934,80307,81124,70578,79066,81222,22592,10200,78981,29946,54253,29938,39490,87056,85889,79122,77357,86158,10257,52337"
2004-03,"88937,83509,85394,19828,85540,76934,79066,70578,81124,39490,80307,81222,22592,84413,78981,29946,52337,60580,29938,85889,38033,10257,87444,86158,10649"
2004-02,"76934,88937,85394,85540,79122,19828,79066,81124,84413,70578,83509,81222,10107,83387,86165,89505,13303,91556,22592,89169,88471,82833,59627,87056"
2004-01,"84413,76934,88937,85394,85540,19828,79066,10107,87321,70578,83509,76744,59627,89169,89505,77917,79122,78981,89029,83387,86158,22592,77357,81222"
2003-12,"84413,88937,85394,76934,19828,85540,10107,83509,89505,87321,70578,89029,59627,80362,81761,84566,22592,86949,77357,88597,81222,77917,86158,76614"
2003-11,"85394,84413,88937,83509,19828,76934,88597,52337,10107,70578,89505,22592,86158,50243,59627,87321,88471,80362,77917,83387,76744,82508,15457,77354"
2003-10,"88471,52337,88937,87321,84413,89505,55212,85394,88597,50243,82518,77917,76934,82511,85903,79122,86158,10107,84072,70578,83387,83509,15457,77354"
2003-09,"52337,88937,79198,86051,88471,16432,86949,84413,55212,85394,87321,88626,88597,85903,59627,49138,76661,77637,15457,86158,10107,77917,70578,83120"
2003-08,"86051,52337,84413,88937,16432,83120,79198,88626,85394,86158,15457,55212,85540,89215,88597,80362,89167,86949,49138,59627,77917,86822,82518,85502"
2003-07,"79198,86051,77917,52337,83120,49138,89215,55212,84413,89167,10257,77637,85502,86949,81220,16432,27909,21020,30680,88810,86158,87321,85394,85903"
2003-06,"79198,83120,86051,80924,84413,52337,89297,21020,88810,77917,88471,43123,55212,84607,49138,89215,16432,78876,75603,19880,85792,81241,90377"
2003-05,"86051,21020,83120,78971,83651,88810,80924,75603,88626,88462,43123,84413,84607,85792,85502,85293,90377,77917,87364,89031,52337,88351,79122"
2003-04,"86051,21020,78971,84413,83120,83651,75603,85293,16432,83149,88351,43123,90377,19880,85792,88462,86996,88626,79122,89031,33532,86047,88471"
2003-03,"21020,83651,75603,84413,16432,78876,86580,80306,84385,83149,88203,86990,85792,86996,89031,81241,82848,83120,53613,82779,88626,33532,84607"
2003-02,"83651,87471,75603,79996,81621,86580,80306,88568,87364,79122,82848,84607,90377,88626,88471,76736,81241,86822,89031,78876,88264,87394,86783"
2003-01,"80924,87394,79996,87471,88568,78876,86051,79122,88626,59555,84607,85792,79108,42200,84385,86580,85686,81621,82779,82848,88471,10693,79906"
2002-12,"86051,79996,86990,88511,79122,78876,79108,81621,84607,88648,87299,90377,77437,88568,22293,85792,77393,84519,84385,86144,82526,85753,86580"
2002-11,"88264,79996,78876,86990,33452,85753,81133,90377,84607,85792,83651,47619,79122,88648,84385,75714,84519,79108,86051,86047,45911,48144,22293"
2002-10,"78876,86990,84385,81133,85753,85792,33452,86047,45911,42200,22293,82779,77393,79108,88568,79122,88504,87439,82848,90377,86144,83124"
2002-09,"45911,85792,81621,86580,86996,22293,88511,85753,79122,52231,76736,86144,81761,87471,86048,82848,83885,88504,84607,84385,79108,84519"
2002-08,"83399,81133,86996,84519,85753,45911,86211,86144,87394,52231,80306,10258,88471,88504,86580,85293,86979,86572,59555,22293,88351,83651"
2002-07,"86996,83399,88264,82848,84519,85753,86990,79996,86572,88351,87299,82511,84607,10333,10547,88260,59555,75912,85293,87471,77175,79879"
2002-06,"88264,86996,84519,86990,79996,78971,85753,42200,82848,86572,87299,10547,77699,86979,10028,87471,79879,88511,84607,59555,80539,52231"
2002-05,"86996,88264,83149,84519,81133,86990,82848,86979,86572,77699,84607,79996,78971,59555,79879,42200,10547,79499,10028,86822,80539,86051,22293"
2002-04,"83149,88264,86996,84519,59555,86979,79879,86990,10547,82848,77637,77699,61567,84607,10258,79996,81133,78971,22293,84827,80924,87394,80233"
2002-03,"83399,78971,88264,86990,84827,84519,83149,86996,88546,61567,82848,88526,86979,59555,79879,80924,86929,87299,79499,10028,22293,82747,77699"
2002-02,"88518,88264,68145,78971,83149,86990,22293,79879,84519,84827,87430,86979,87344,88546,87753,87299,79499,86929,86211,77624,82747,82848,77699"
2002-01,"88807,83399,17726,78971,87430,22293,88518,88264,86979,88203,68145,84519,86990,77699,80924,84827,88546,82598,79879,10028,88526,83149,42200"
2001-12,"88807,78971,80924,83399,87299,77624,22293,79280,79879,88546,86929,81527,86990,19880,88264,87344,86979,88526,83149,87006,79108,82848"
2001-11,"86211,86979,86929,87299,82598,83149,88411,80924,79879,86822,88264,87430,88203,79280,77624,84519,88620,81741,78971,86572,22293,83399"
2001-10,"22293,86929,80635,86979,79879,81741,83149,84827,87299,88411,86211,82598,88526,88264,86572,88203,80924,87608,88620,84519,86822,86990"
2001-09,"86929,22293,79879,83149,84827,87299,88526,82598,87430,86092,86211,87344,86979,81741,88264,80306,77699,87006,53197,84519,80924,87227"
2001-08,"86929,22293,87430,79879,87299,68145,88264,86211,87006,78971,82598,86092,84827,82830,87608,85397,78759,53197,85502,88182,76948,86822"
2001-07,"86929,22293,87299,84827,77263,87608,87430,87006,80635,11803,86211,68145,80306,86092,77515,79879,83686,87394,86783,85177,85502,88264"
2001-06,"85177,84827,77515,81621,87608,22293,78759,86929,80635,68145,86783,87299,87430,85502,76948,53197,22779,83686,78971,78875,83844,87006"
2001-05,"86783,87508,85177,33452,87430,77515,81621,87344,87608,87299,84827,78875,22293,78759,86211,85035,86964,76948,86929,22779,79150,79280"
2001-04,"86783,87608,87508,52231,87227,79280,87344,85035,81621,33452,86812,87128,86092,77515,86964,86211,22779,87299,77263,11803,82281,87394"
2001-03,"86783,87608,86092,87344,81621,86812,87227,79906,52231,87299,77263,79280,86211,33452,76948,22779,76736,87075,85293,87508,85035,11803"
2001-02,"86783,76948,87075,81621,52231,78759,86211,87299,87227,11803,87344,86092,86964,11581,79150,86048,13777,48486,80635,82526,81665,86812"
2001-01,"87344,86211,86783,76948,87227,81621,45306,87299,11581,86372,78759,77157,86916,86092,83382,80635,81584,48486,22779,11803,87725,79150"
2000-12,"87344,86783,11581,81584,76948,86916,87227,80635,77178,78759,86211,14593,87299,77515,86092,22779,86372,83671,81621,81665,87162,77157"
2000-11,"81584,11581,85710,86916,86783,83520,86964,48486,79150,51625,86489,86211,24441,22779,76948,86728,77178,14593,87227,54253,79103,81665"
2000-10,"81584,11581,59256,75418,51625,85710,81621,10890,86489,79150,77178,52231,79103,83856,54253,87162,32870,27983,83671,79881,49154,17144"
2000-09,"81584,59256,51625,81621,83856,86728,75418,10890,83303,84788,79150,85710,85205,27983,83671,86489,85059,76582,79499,85768,24441,87162"
2000-08,"81584,87075,86728,75418,51625,83856,85176,85059,79150,41217,76582,85205,85419,83976,83690,85768,83303,81621,81893,22779,79103,75573"
2000-07,"83856,51625,81584,86812,83976,85419,75418,86728,82307,79103,81893,85176,83671,79150,76582,85768,14526,81282,86233,75573,85710,41217"
2000-06,"83976,82307,86728,33823,83856,85419,75418,77236,86812,83671,51625,81584,86489,14526,50017,79103,16678,85768,85205,81893,79611,10294"
2000-05,"51625,83976,83856,86728,82307,59256,81584,83671,46578,77236,85768,76732,75418,79103,85419,21936,16678,14526,85205,86489,60628,33849"
2000-04,"83976,86489,21936,16678,51625,86233,82307,82272,86728,83856,81061,83969,75418,81584,79103,85205,83671,59256,75573,77236,91556,79491"
2000-03,"86489,81540,16678,21936,85726,75573,91556,83976,85176,83671,82272,51625,79103,81061,77236,75418,15202,81584,77649,83856,82924"
2000-02,"82272,86489,27983,81540,33823,79066,21936,85726,75418,84511,83856,85399,82621,82307,15202,85176,16678,81061,79491,85205,66384"
2000-01,"82272,29744,83856,81540,85992,51625,86489,27983,85399,21178,82307,79066,66384,85627,84788,85726,82581,21936,75418,81061,75573"
1999-12,"82272,29744,21178,33823,81540,66384,33849,51625,84601,83969,27983,80928,76095,83856,82307,85540,81061,85992,75418,44768,15202"
1999-11,"85540,79491,33823,85176,84601,21178,76095,11654,51625,82272,82307,15202,85686,84275,21936,85992,46578,66384,77236,72338,58836"
1999-10,"82924,82932,72338,11654,85686,82272,82307,77236,81061,21936,21178,86165,76095,84833,77637,82212,83486,77780,15202,85399,85176"
1999-09,"11654,85686,82924,82932,79066,85399,72338,77236,84601,21936,77637,80928,15202,21178,82212,76095,81061,83486,84833,82307,79491"
1999-08,"11654,84010,84601,58836,85399,85686,77236,80928,82924,79066,77649,82932,81540,13610,74908,76095,82777,82212,85726,39642,83779"
1999-07,"11654,84184,72338,79066,83509,75649,80928,77649,26403,84010,84302,86165,74908,85686,85293,83779,85401,13610,77900,84833,82156"
1999-06,"82621,44768,82670,84184,83779,11654,84833,12928,83509,79066,85401,72338,74908,85285,85293,80928,85399,77900,10318,82162,28629"
1999-05,"82621,83509,82670,82261,84184,79066,13610,59256,80928,44768,72338,58836,84010,11654,11644,85293,77520,26403,84302,50017"
1999-04,"82621,50017,79066,79442,15456,82518,81134,77520,83509,44768,75831,82555,79857,84184,84833,85261,74908,81740,83390,83779"
1999-03,"82621,82518,50017,79066,84184,75912,15456,81165,83509,82555,85285,83779,33099,77520,34673,44768,82526,83840,84833,77263"
1999-02,"82621,79066,79248,85040,83909,82526,10779,83779,85285,50017,84184,13777,37381,82670,81165,79039,83509,44768,84519,79686"
1999-01,"82621,79857,84184,10779,83909,79066,83391,11379,82526,83509,82670,85285,32707,28629,79644,50017,85372,81740,85177,72338"
1998-12,"82621,82526,85377,84184,79066,79857,77437,28629,83391,82261,82670,80274,81165,84757,84411,79122,83390,62228,33099,85401"
1998-11,"79122,82621,79066,80928,85377,79857,82646,84032,34673,84184,79039,77437,85177,82670,84757,82526,85397,84650,82261,81472"
1998-10,"82621,79122,79857,84032,77393,85377,34673,79039,82646,82261,85177,83909,84819,77437,80928,81472,79644,13777,11154,84184"
1998-09,"79857,50948,66384,80928,84819,77393,85272,68145,34673,81241,32707,75912,83390,85013,33099,64311,11154,48144,48486,80577"
1998-08,"82646,77393,84819,64311,80928,66384,79644,11379,79857,14702,34673,33099,32707,12266,38033,80276,28564,81472,48486,84411"
1998-07,"82646,84819,79857,77393,80928,11379,64311,83883,79644,12266,76946,77437,33099,28302,83390,10032,81043,38033,79066,77570"
1998-06,"12266,82646,84819,80928,64311,66384,77393,28302,79857,81084,79644,81010,78629,34673,81043,19561,29209,79363,80828,56274"
1998-05,"12266,76963,66384,81084,82646,28302,80928,79857,34673,11379,64311,84072,80276,38033,83883,77570,84419,76934,80274,29209"
1998-04,"79122,76963,82646,80928,84072,66384,80276,28302,79857,13901,11379,76934,64311,39693,84419,81084,77437,34673,81043,27167"
1998-03,"82646,84419,28302,13901,84062,66384,76934,84072,77393,11379,80928,77437,64311,80577,34673,57913,80276,76709,39693,27167"
1998-02,"84419,84072,66384,84403,84062,82646,57913,14526,80928,39693,81084,10860,64311,19880,76934,34673,81043,13901,28302,82281"
1998-01,"84072,28302,80928,78223,66384,64311,13901,84062,83916,81665,82646,80306,39693,76709,83604,19880,57913,81043,80828"
1997-12,"84072,28302,84062,64311,80828,13901,83916,81665,81043,80563,83604,76709,39693,82156,80955,19561,83651,79490,36468"
1997-11,"11803,84072,84062,82848,82156,76709,83916,20117,13901,81043,81665,80054,48506,79791,39693,80828,10257,79213,17750"
1997-10,"82848,11803,37381,10257,80828,82745,82215,81043,76709,82281,83391,79791,20117,79490,57665,82634,83916,76948,79039"
1997-09,"82745,82848,82215,83303,83148,82281,76709,83391,82518,88779,77437,81134,83382,79758,78418,82634,83486,82511,81761"
1997-08,"82745,82848,76709,83671,82281,12062,83303,83148,11803,80791,13901,82215,73219,80828,82518,82634,81134,79248,10257"
1997-07,"79499,82215,83382,11803,82281,82848,83148,44813,82179,81584,78876,78664,75831,83671,76709,10257,76461,82634,80791"
1997-06,"83399,83382,83411,82848,88779,78876,75831,82179,80774,27167,82215,83148,79499,83391,79039,80534,10257,78664,82281"
1997-05,"83382,83303,82281,83411,83391,75831,78876,83148,82179,80774,88779,82848,76709,79839,79338,82511,79881,79864"
1997-04,"81728,82745,31668,65008,75831,82215,88779,83148,82179,80828,79881,79213,79839,48506,81588,79698,10550,79338"
1997-03,"77202,31668,75831,79499,78091,88779,82511,48506,65008,46690,12062,82747,81134,82179,81124,78975,13610,27983"
1997-02,"82162,77202,82745,78091,88779,31668,79499,81728,82511,12062,68145,81588,80534,48506,79586,65008,75831,82179"
1997-01,"82162,82745,78091,12062,88779,79499,68145,48506,27983,31668,80307,81588,78213,79338,81013,80034,78664,78077"
1996-12,"12570,75654,88779,81013,31668,18973,68145,78975,27983,78091,81084,12062,82547,75607,81588,80034,82511,79586"
1996-11,"12570,81013,76752,31668,75654,48144,81084,18973,68145,79338,82511,27983,81588,76185,79586,76795,69796,53613"
1996-10,"12570,81013,14702,76752,46886,48144,75603,53613,75654,50948,18973,77505,75607,68145,80534,31668,81084,48486"
1996-09,"12570,46886,14702,76752,48144,53613,75603,75654,50948,81013,18973,76795,75607,77505,81084,80534,51369,61241"
1996-08,"12570,51369,46886,76795,81013,76752,14702,18973,15579,75654,35107,48144,75603,48486,78875,47619,78629"
1996-07,"12570,48144,76752,51369,80912,75603,46886,18973,15579,14702,35991,75654,62958,21573,81084,76795,35107"
1996-06,"12570,33452,18973,76752,11174,51369,76128,46886,75603,12209,47619,62958,10044,48144,19350,57808,88779"
1996-05,"12570,33452,51369,75603,46886,76752,76927,48144,53613,11174,76128,18973,35991,79686,62958,80534,57808"
1996-04,"12570,33452,76927,46886,77900,35991,79686,53613,76752,10866,76128,88031,18973,57808,11174,75460,21573"
1996-03,"12570,33452,76927,79089,77900,80432,35991,10866,76868,18973,79686,80054,75460,19350,79338,77037,46886"
1996-02,"12570,80534,33452,10200,76927,80432,35991,80054,79338,79686,10866,76868,79490,77037,19350,79089,75460"
