date,Top_minus_Bottom,Bottom_minus_Top,Buy_Top,Sell_Top,Buy_Bottom,Sell_Bottom
2024-11,-0.0703812492571175,0.0703812492571175,-0.13381697569670514,0.13381697569670514,-0.06343572643958764,0.06343572643958764
2024-10,0.022352691406212922,-0.022352691406212922,0.016462265465551785,-0.016462265465551785,-0.005890425940661137,0.005890425940661137
2024-09,0.11662632161922745,-0.11662632161922745,-0.007815908648371016,0.007815908648371016,-0.12444223026759847,0.12444223026759847
2024-08,-0.11327503014113047,0.11327503014113047,-0.04609776139292977,0.04609776139292977,0.0671772687482007,-0.0671772687482007
2024-07,0.0396059345660871,-0.0396059345660871,-0.10715233498105398,0.10715233498105398,-0.14675826954714108,0.14675826954714108
2024-06,-0.06303445393128716,0.06303445393128716,0.019977518915490138,-0.019977518915490138,0.0830119728467773,-0.0830119728467773
2024-05,-0.031130016553267408,0.031130016553267408,-0.0714218843653669,0.0714218843653669,-0.04029186781209949,0.04029186781209949
2024-04,0.04549266481014293,-0.04549266481014293,0.03685096957984844,-0.03685096957984844,-0.008641695230294488,0.008641695230294488
2024-03,0.06729508550982552,-0.06729508550982552,-0.10935940590445076,0.10935940590445076,-0.17665449141427628,0.17665449141427628
2024-02,-0.01962067944299732,0.01962067944299732,-0.000864304201248394,0.000864304201248394,0.01875637524174893,-0.01875637524174893
2024-01,-0.0034718741774191347,0.0034718741774191347,0.06983643422017412,-0.06983643422017412,0.07330830839759325,-0.07330830839759325
2023-12,-0.016717943933901507,0.016717943933901507,-0.04383745768719809,0.04383745768719809,-0.027119513753296586,0.027119513753296586
2023-11,-0.08372943209708085,0.08372943209708085,0.0830034495891858,-0.0830034495891858,0.16673288168626665,-0.16673288168626665
2023-10,-0.03871003073445124,0.03871003073445124,0.030820304271066714,-0.030820304271066714,0.06953033500551796,-0.06953033500551796
2023-09,0.06127574240774131,-0.06127574240774131,-0.12268049157506808,0.12268049157506808,-0.1839562339828094,0.1839562339828094
2023-08,0.014384083062077113,-0.014384083062077113,-0.10232011925005764,0.10232011925005764,-0.11670420231213476,0.11670420231213476
2023-07,0.011830283220563481,-0.011830283220563481,-0.09035816401936286,0.09035816401936286,-0.10218844723992634,0.10218844723992634
2023-06,-0.022842568765754342,0.022842568765754342,0.026676705829248346,-0.026676705829248346,0.04951927459500269,-0.04951927459500269
2023-05,-0.040797858884719033,0.040797858884719033,0.014042505557043318,-0.014042505557043318,0.05484036444176235,-0.05484036444176235
2023-04,-0.006392479132990098,0.006392479132990098,-0.04800518316323813,0.04800518316323813,-0.041612704030248034,0.041612704030248034
2023-03,-0.04462839985958651,0.04462839985958651,-0.025721946224208068,0.025721946224208068,0.01890645363537844,-0.01890645363537844
2023-02,0.08125595022513013,-0.08125595022513013,-0.08414976321173778,0.08414976321173778,-0.1654057134368679,0.1654057134368679
2023-01,0.0470298854548995,-0.0470298854548995,-0.07168821610883785,0.07168821610883785,-0.11871810156373735,0.11871810156373735
2022-12,-0.10479705060070037,0.10479705060070037,0.08445687896010802,-0.08445687896010802,0.1892539295608084,-0.1892539295608084
2022-11,-0.07186987373479464,0.07186987373479464,-0.09714765083539256,0.09714765083539256,-0.025277777100597924,0.025277777100597924
2022-10,0.03762565105016226,-0.03762565105016226,-0.037275408136696594,0.037275408136696594,-0.07490105918685885,0.07490105918685885
2022-09,0.12588368916355874,-0.12588368916355874,0.11552826962167972,-0.11552826962167972,-0.010355419541879018,0.010355419541879018
2022-08,0.031972882461655416,-0.031972882461655416,-0.14448062977134887,0.14448062977134887,-0.1764535122330043,0.1764535122330043
2022-07,-0.1575037608393999,0.1575037608393999,-0.0622436875657943,0.0622436875657943,0.0952600732736056,-0.0952600732736056
2022-06,0.11326788368710523,-0.11326788368710523,0.12673802036059115,-0.12673802036059115,0.013470136673485908,-0.013470136673485908
2022-05,-0.16755209649084032,0.16755209649084032,-0.19612381841277482,0.19612381841277482,-0.028571721921934502,0.028571721921934502
2022-04,0.0422713932804146,-0.0422713932804146,-0.004235877994742338,0.004235877994742338,-0.046507271275156935,0.046507271275156935
2022-03,-0.07333472201678651,0.07333472201678651,-0.21157786308640605,0.21157786308640605,-0.13824314106961955,0.13824314106961955
2022-02,-0.021808597482620238,0.021808597482620238,-0.003703474396423093,0.003703474396423093,0.018105123086197144,-0.018105123086197144
2022-01,-0.02044360441445922,0.02044360441445922,-0.021924640283680297,0.021924640283680297,-0.0014810358692210757,0.0014810358692210757
2021-12,-0.08757790148209678,0.08757790148209678,-0.17468500413323457,0.17468500413323457,-0.08710710265113779,0.08710710265113779
2021-11,-0.029223478877193114,0.029223478877193114,-0.0877969038751562,0.0877969038751562,-0.05857342499796308,0.05857342499796308
2021-10,0.059552767166469345,-0.059552767166469345,-0.08115712965351327,0.08115712965351327,-0.1407098968199826,0.1407098968199826
2021-09,0.10607313047697224,-0.10607313047697224,0.041283336531239445,-0.041283336531239445,-0.0647897939457328,0.0647897939457328
2021-08,-0.015580452709059854,0.015580452709059854,-0.0546583860169839,0.0546583860169839,-0.03907793330792404,0.03907793330792404
2021-07,0.02578734002581002,-0.02578734002581002,0.005978105666259631,-0.005978105666259631,-0.019809234359550388,0.019809234359550388
2021-06,0.028469980604022185,-0.028469980604022185,-0.10517365308448538,0.10517365308448538,-0.13364363368850757,0.13364363368850757
2021-05,-0.031523186274853766,0.031523186274853766,0.05726148577174831,-0.05726148577174831,0.08878467204660208,-0.08878467204660208
2021-04,-0.1180999672200165,0.1180999672200165,-0.0532840626139423,0.0532840626139423,0.06481590460607421,-0.06481590460607421
2021-03,0.11094641245826174,-0.11094641245826174,0.0470049739066625,-0.0470049739066625,-0.06394143855159924,0.06394143855159924
2021-02,-0.0836945698092704,0.0836945698092704,-0.06061912336615335,0.06061912336615335,0.023075446443117043,-0.023075446443117043
2021-01,-0.18941828985082582,0.18941828985082582,0.02233085990731641,-0.02233085990731641,0.21174914975814224,-0.21174914975814224
2020-12,-0.134958565822343,0.134958565822343,0.08574597954237337,-0.08574597954237337,0.22070454536471637,-0.22070454536471637
2020-11,0.05330844639268228,-0.05330844639268228,0.08659317638055787,-0.08659317638055787,0.03328472998787559,-0.03328472998787559
2020-10,-0.1483074647956189,0.1483074647956189,0.17019178528963141,-0.17019178528963141,0.3184992500852503,-0.3184992500852503
2020-09,-0.0923586786613716,0.0923586786613716,-0.07476095021136074,0.07476095021136074,0.017597728450010855,-0.017597728450010855
2020-08,0.056625761304249296,-0.056625761304249296,0.004624897617581299,-0.004624897617581299,-0.052000863686667995,0.052000863686667995
2020-07,-0.05300836409805845,0.05300836409805845,-0.00529245238623839,0.00529245238623839,0.04771591171182006,-0.04771591171182006
2020-06,-0.002379299421466294,0.002379299421466294,0.05908896787031434,-0.05908896787031434,0.061468267291780634,-0.061468267291780634
2020-05,-0.04534915508529226,0.04534915508529226,0.05784591029994464,-0.05784591029994464,0.1031950653852369,-0.1031950653852369
2020-04,0.12357654255983745,-0.12357654255983745,0.1311096756293124,-0.1311096756293124,0.007533133069474931,-0.007533133069474931
2020-03,-0.03293785235272634,0.03293785235272634,0.1960480183446806,-0.1960480183446806,0.22898587069740695,-0.22898587069740695
2020-02,0.08603832553601187,-0.08603832553601187,-0.2879826298209998,0.2879826298209998,-0.3740209553570117,0.3740209553570117
2020-01,0.029871288938012983,-0.029871288938012983,-0.07086855753121149,0.07086855753121149,-0.10073984646922447,0.10073984646922447
2019-12,0.09780738988230488,-0.09780738988230488,-0.009185422604953879,0.009185422604953879,-0.10699281248725875,0.10699281248725875
2019-11,-0.06331061966865062,0.06331061966865062,0.022846456074868193,-0.022846456074868193,0.08615707574351882,-0.08615707574351882
2019-10,0.05318215450911075,-0.05318215450911075,0.03220452350346594,-0.03220452350346594,-0.020977631005644808,0.020977631005644808
2019-09,0.0926714305446931,-0.0926714305446931,0.008616328364262607,-0.008616328364262607,-0.08405510218043048,0.08405510218043048
2019-08,-0.107161723128013,0.107161723128013,-0.07137956606408752,0.07137956606408752,0.035782157063925485,-0.035782157063925485
2019-07,0.0720872341418214,-0.0720872341418214,-0.07053355293831802,0.07053355293831802,-0.14262078708013942,0.14262078708013942
2019-06,0.046030070590981326,-0.046030070590981326,-0.007221085810081392,0.007221085810081392,-0.05325115640106272,0.05325115640106272
2019-05,0.03753388129694565,-0.03753388129694565,0.018399640110268536,-0.018399640110268536,-0.01913424118667711,0.01913424118667711
2019-04,0.025011150207688015,-0.025011150207688015,-0.07849621689122295,0.07849621689122295,-0.10350736709891097,0.10350736709891097
2019-03,-0.015183435806365896,0.015183435806365896,-0.002022563691418088,0.002022563691418088,0.013160872114947809,-0.013160872114947809
2019-02,0.06901212560400177,-0.06901212560400177,-0.004050706296147434,0.004050706296147434,-0.0730628319001492,0.0730628319001492
2019-01,-0.012316216306265403,0.012316216306265403,0.028884858969469972,-0.028884858969469972,0.041201075275735376,-0.041201075275735376
2018-12,-0.06845316805562726,0.06845316805562726,0.14349243943573967,-0.14349243943573967,0.21194560749136693,-0.21194560749136693
2018-11,0.021181537779685483,-0.021181537779685483,-0.18000779089250624,0.18000779089250624,-0.20118932867219172,0.20118932867219172
2018-10,0.06842201611524107,-0.06842201611524107,0.008900546310575776,-0.008900546310575776,-0.0595214698046653,0.0595214698046653
2018-09,0.050100503410909436,-0.050100503410909436,-0.12088894634147981,0.12088894634147981,-0.17098944975238925,0.17098944975238925
2018-08,-0.034257939362985206,0.034257939362985206,-0.045222049153877314,0.045222049153877314,-0.010964109790892107,0.010964109790892107
2018-07,-0.029046562418458828,0.029046562418458828,-0.005094136254656359,0.005094136254656359,0.023952426163802467,-0.023952426163802467
2018-06,0.03913198946586699,-0.03913198946586699,-0.01156017493009332,0.01156017493009332,-0.05069216439596031,0.05069216439596031
2018-05,-0.006056381513077342,0.006056381513077342,-0.016924798457853562,0.016924798457853562,-0.01086841694477622,0.01086841694477622
2018-04,-0.06252850767765313,0.06252850767765313,0.03599740050425465,-0.03599740050425465,0.09852590818190778,-0.09852590818190778
2018-03,-0.04826768337068319,0.04826768337068319,-0.04613352542547474,0.04613352542547474,0.0021341579452084486,-0.0021341579452084486
2018-02,-0.0504458470822719,0.0504458470822719,-0.06820382367337424,0.06820382367337424,-0.017757976591102342,0.017757976591102342
2018-01,-0.0029715286557203263,0.0029715286557203263,-0.06729711490432112,0.06729711490432112,-0.0643255862486008,0.0643255862486008
2017-12,-0.0005854706914259567,0.0005854706914259567,0.005057916723840855,-0.005057916723840855,0.005643387415266812,-0.005643387415266812
2017-11,-0.01915582314562786,0.01915582314562786,0.0053767354298655924,-0.0053767354298655924,0.02453255857549345,-0.02453255857549345
2017-10,-0.023761839231576688,0.023761839231576688,-0.004586969633367303,0.004586969633367303,0.019174869598209385,-0.019174869598209385
2017-09,0.030244105866983794,-0.030244105866983794,0.003090884414879058,-0.003090884414879058,-0.027153221452104737,0.027153221452104737
2017-08,-0.04395459946784043,0.04395459946784043,0.020887528771071445,-0.020887528771071445,0.06484212823891188,-0.06484212823891188
2017-07,0.014188220115704978,-0.014188220115704978,-0.026425054392731396,0.026425054392731396,-0.040613274508436374,0.040613274508436374
2017-06,-0.007617164440796228,0.007617164440796228,-0.0057804434878811015,0.0057804434878811015,0.0018367209529151264,-0.0018367209529151264
2017-05,-0.010518226282306187,0.010518226282306187,-0.012004554692355916,0.012004554692355916,-0.0014863284100497284,0.0014863284100497284
2017-04,0.021028070830665893,-0.021028070830665893,-0.04045117462526774,0.04045117462526774,-0.06147924545593363,0.06147924545593363
2017-03,0.15328753079406235,-0.15328753079406235,0.03861165237674189,-0.03861165237674189,-0.11467587841732046,0.11467587841732046
2017-02,0.030060101222097697,-0.030060101222097697,0.03777144679551229,-0.03777144679551229,0.0077113455734145915,-0.0077113455734145915
2017-01,0.13193040603398942,-0.13193040603398942,0.04927538910871229,-0.04927538910871229,-0.08265501692527712,0.08265501692527712
2016-12,0.0118383903106722,-0.0118383903106722,0.04703211964748911,-0.04703211964748911,0.03519372933681691,-0.03519372933681691
2016-11,-0.09220421670498109,0.09220421670498109,-0.029104294204401804,0.029104294204401804,0.06309992250057929,-0.06309992250057929
2016-10,-0.10545022960910369,0.10545022960910369,0.02318471220942336,-0.02318471220942336,0.12863494181852705,-0.12863494181852705
2016-09,0.0007592971862658698,-0.0007592971862658698,-0.1223002023607656,0.1223002023607656,-0.12305949954703146,0.12305949954703146
2016-08,0.04205952642513571,-0.04205952642513571,0.02887219575991119,-0.02887219575991119,-0.013187330665224522,0.013187330665224522
2016-07,0.024879805804218672,-0.024879805804218672,-0.010572425878037865,0.010572425878037865,-0.03545223168225654,0.03545223168225654
2016-06,0.006286044747721778,-0.006286044747721778,0.08506458042859509,-0.08506458042859509,0.07877853568087331,-0.07877853568087331
2016-05,-0.06634818987198936,0.06634818987198936,-0.025670277045014726,0.025670277045014726,0.04067791282697463,-0.04067791282697463
2016-04,0.1732113044999854,-0.1732113044999854,0.018439614631655322,-0.018439614631655322,-0.15477168986833006,0.15477168986833006
2016-03,-0.18939663694104908,0.18939663694104908,0.019886474066217037,-0.019886474066217037,0.20928311100726613,-0.20928311100726613
2016-02,-0.119455060938606,0.119455060938606,0.08096593019348294,-0.08096593019348294,0.20042099113208894,-0.20042099113208894
2016-01,-0.19504659898037824,0.19504659898037824,-0.010587255975054206,0.010587255975054206,0.18445934300532404,-0.18445934300532404
2015-12,-0.13511372427400964,0.13511372427400964,-0.2362046322440415,0.2362046322440415,-0.10109090797003185,0.10109090797003185
2015-11,0.11459712950837701,-0.11459712950837701,-0.03142316466010102,0.03142316466010102,-0.14602029416847803,0.14602029416847803
2015-10,0.07415078055386538,-0.07415078055386538,0.024379454572488652,-0.024379454572488652,-0.04977132598137673,0.04977132598137673
2015-09,-0.08172753292260786,0.08172753292260786,0.020834631918381637,-0.020834631918381637,0.1025621648409895,-0.1025621648409895
2015-08,0.011119299375346892,-0.011119299375346892,-0.1256654715537015,0.1256654715537015,-0.1367847709290484,0.1367847709290484
2015-07,-0.06686071478732698,0.06686071478732698,-0.07844875772631688,0.07844875772631688,-0.011588042938989898,0.011588042938989898
2015-06,0.120685846141056,-0.120685846141056,-0.007954936601329912,0.007954936601329912,-0.1286407827423859,0.1286407827423859
2015-05,0.07159518893646157,-0.07159518893646157,0.0033033968538949297,-0.0033033968538949297,-0.06829179208256664,0.06829179208256664
2015-04,0.16157886939187394,-0.16157886939187394,0.08554352885702851,-0.08554352885702851,-0.07603534053484542,0.07603534053484542
2015-03,-0.10627957825497475,0.10627957825497475,-0.01847016552344683,0.01847016552344683,0.08780941273152791,-0.08780941273152791
2015-02,0.0841773914416906,-0.0841773914416906,0.03161691810630514,-0.03161691810630514,-0.052560473335385466,0.052560473335385466
2015-01,0.03501691521596189,-0.03501691521596189,0.09186611843764345,-0.09186611843764345,0.056849203221681556,-0.056849203221681556
2014-12,-0.02426264432568108,0.02426264432568108,-0.03267231297899513,0.03267231297899513,-0.00840966865331405,0.00840966865331405
2014-11,0.06812309910416356,-0.06812309910416356,0.015020603221629946,-0.015020603221629946,-0.05310249588253361,0.05310249588253361
2014-10,0.0010170642473163651,-0.0010170642473163651,0.01660918120380086,-0.01660918120380086,0.015592116956484494,-0.015592116956484494
2014-09,0.05361405157595061,-0.05361405157595061,-0.017899311352393442,0.017899311352393442,-0.07151336292834405,0.07151336292834405
2014-08,-0.0043007103052871,0.0043007103052871,-0.08550189776996438,0.08550189776996438,-0.08120118746467728,0.08120118746467728
2014-07,-0.0016988963533615259,0.0016988963533615259,0.0203590266911752,-0.0203590266911752,0.022057923044536725,-0.022057923044536725
2014-06,-0.04596665528404967,0.04596665528404967,-0.062119271349518515,0.062119271349518515,-0.01615261606546885,0.01615261606546885
2014-05,-0.012601446898876711,0.012601446898876711,0.07323387095204939,-0.07323387095204939,0.0858353178509261,-0.0858353178509261
2014-04,0.07347015864608,-0.07347015864608,0.001014825276365095,-0.001014825276365095,-0.07245533336971491,0.07245533336971491
2014-03,-0.006298247823247408,0.006298247823247408,-0.05134720594543928,0.05134720594543928,-0.045048958122191875,0.045048958122191875
2014-02,-0.03907074647082756,0.03907074647082756,-0.06064259107592011,0.06064259107592011,-0.02157184460509255,0.02157184460509255
2014-01,-0.010241850292614832,0.010241850292614832,0.07172074545393882,-0.07172074545393882,0.08196259574655365,-0.08196259574655365
2013-12,-0.006138649712931799,0.006138649712931799,-0.0021485758601333584,0.0021485758601333584,0.003990073852798441,-0.003990073852798441
2013-11,-0.02646782001992923,0.02646782001992923,0.029808822269065036,-0.029808822269065036,0.05627664228899427,-0.05627664228899427
2013-10,0.014137998988112792,-0.014137998988112792,0.05647757002196125,-0.05647757002196125,0.04233957103384846,-0.04233957103384846
2013-09,-0.08084787545806736,0.08084787545806736,-0.03585463901002323,0.03585463901002323,0.04499323644804413,-0.04499323644804413
2013-08,-0.0037309188511054983,0.0037309188511054983,0.04573292556873249,-0.04573292556873249,0.04946384441983799,-0.04946384441983799
2013-07,0.0010727589325201393,-0.0010727589325201393,-0.011897127379271373,0.011897127379271373,-0.012969886311791513,0.012969886311791513
2013-06,0.05158037778011271,-0.05158037778011271,0.11013146570798438,-0.11013146570798438,0.05855108792787167,-0.05855108792787167
2013-05,0.04933834668000105,-0.04933834668000105,-0.006641784935571168,0.006641784935571168,-0.055980131615572214,0.055980131615572214
2013-04,0.02800019346686184,-0.02800019346686184,0.06686636350579893,-0.06686636350579893,0.03886617003893709,-0.03886617003893709
2013-03,0.01359169155544817,-0.01359169155544817,-0.005427536115172823,0.005427536115172823,-0.019019227670620992,0.019019227670620992
2013-02,0.02060008474222894,-0.02060008474222894,0.02749320293239825,-0.02749320293239825,0.006893118190169312,-0.006893118190169312
2013-01,0.010002622948315505,-0.010002622948315505,-0.007154815431579441,0.007154815431579441,-0.017157438379894946,0.017157438379894946
2012-12,-0.07737582875769136,0.07737582875769136,0.013899545042561346,-0.013899545042561346,0.0912753738002527,-0.0912753738002527
2012-11,-0.11470212213669613,0.11470212213669613,-0.02241308668849625,0.02241308668849625,0.09228903544819989,-0.09228903544819989
2012-10,0.0017765441814274786,-0.0017765441814274786,0.013980645830172778,-0.013980645830172778,0.012204101648745299,-0.012204101648745299
2012-09,0.014932550435045936,-0.014932550435045936,-0.017649299415178826,0.017649299415178826,-0.03258184985022476,0.03258184985022476
2012-08,-0.0741800223821326,0.0741800223821326,0.015086037521827548,-0.015086037521827548,0.08926605990396015,-0.08926605990396015
2012-07,0.018556244817547255,-0.018556244817547255,0.046420446986946216,-0.046420446986946216,0.02786420216939896,-0.02786420216939896
2012-06,0.0403313166254051,-0.0403313166254051,-0.03722386185284405,0.03722386185284405,-0.07755517847824915,0.07755517847824915
2012-05,0.004846802222736632,-0.004846802222736632,0.021699051114355196,-0.021699051114355196,0.016852248891618564,-0.016852248891618564
2012-04,-0.03230740442278769,0.03230740442278769,-0.15437151887045208,0.15437151887045208,-0.12206411444766439,0.12206411444766439
2012-03,0.08705499893091818,-0.08705499893091818,-0.00579370812387647,0.00579370812387647,-0.09284870705479466,0.09284870705479466
2012-02,0.024079067551511703,-0.024079067551511703,0.04294833379974005,-0.04294833379974005,0.018869266248228347,-0.018869266248228347
2012-01,0.02820733554397882,-0.02820733554397882,0.06192676356665888,-0.06192676356665888,0.03371942802268006,-0.03371942802268006
2011-12,-0.13499739906071165,0.13499739906071165,0.067044115707736,-0.067044115707736,0.20204151476844764,-0.20204151476844764
2011-11,0.004248230120092219,-0.004248230120092219,0.004193100753048173,-0.004193100753048173,-5.5129367044045446e-05,5.5129367044045446e-05
2011-10,0.0018686661451657594,-0.0018686661451657594,-0.06304596530385756,0.06304596530385756,-0.06491463144902332,0.06491463144902332
2011-09,-0.025201070574630086,0.025201070574630086,0.07747962219136725,-0.07747962219136725,0.10268069276599734,-0.10268069276599734
2011-08,0.005962973430055835,-0.005962973430055835,-0.17660336221587505,0.17660336221587505,-0.1825663356459309,0.1825663356459309
2011-07,0.055114349136695384,-0.055114349136695384,-0.10200526981908936,0.10200526981908936,-0.15711961895578475,0.15711961895578475
2011-06,0.03424881268535902,-0.03424881268535902,-0.026699896770276278,0.026699896770276278,-0.0609487094556353,0.0609487094556353
2011-05,0.06513471009149321,-0.06513471009149321,-0.03167180745465742,0.03167180745465742,-0.09680651754615063,0.09680651754615063
2011-04,0.029514467664386965,-0.029514467664386965,-0.04143785182202443,0.04143785182202443,-0.0709523194864114,0.0709523194864114
2011-03,-0.008477544508655979,0.008477544508655979,0.00905612503277629,-0.00905612503277629,0.01753366954143227,-0.01753366954143227
2011-02,0.01796402594802879,-0.01796402594802879,-0.017064805820399098,0.017064805820399098,-0.03502883176842789,0.03502883176842789
2011-01,0.026581947653354556,-0.026581947653354556,0.05622875829835576,-0.05622875829835576,0.029646810645001204,-0.029646810645001204
2010-12,-0.04872665167109427,0.04872665167109427,0.012766986419556271,-0.012766986419556271,0.061493638090650546,-0.061493638090650546
2010-11,-0.07591783658509427,0.07591783658509427,0.04883483430768922,-0.04883483430768922,0.1247526708927835,-0.1247526708927835
2010-10,-0.0031956792140864186,0.0031956792140864186,0.02030506800663138,-0.02030506800663138,0.023500747220717797,-0.023500747220717797
2010-09,0.01803829315675832,-0.01803829315675832,0.027321563081678456,-0.027321563081678456,0.009283269924920137,-0.009283269924920137
2010-08,0.06751193726288292,-0.06751193726288292,0.1307089050826096,-0.1307089050826096,0.06319696781972668,-0.06319696781972668
2010-07,0.09142546535379709,-0.09142546535379709,-0.04011478119218919,0.04011478119218919,-0.13154024654598628,0.13154024654598628
2010-06,-0.1178268130618674,0.1178268130618674,-0.022419263289990263,0.022419263289990263,0.09540754977187714,-0.09540754977187714
2010-05,0.15320868469578708,-0.15320868469578708,-0.07179210409363937,0.07179210409363937,-0.22500078878942645,0.22500078878942645
2010-04,0.017217790542456382,-0.017217790542456382,-0.10879747940696795,0.10879747940696795,-0.12601526994942433,0.12601526994942433
2010-03,-0.11329466551486905,0.11329466551486905,0.07100245219297252,-0.07100245219297252,0.18429711770784157,-0.18429711770784157
2010-02,-0.009656070939824818,0.009656070939824818,0.05557664247466369,-0.05557664247466369,0.06523271341448851,-0.06523271341448851
2010-01,0.0384671170340606,-0.0384671170340606,0.07343444898929219,-0.07343444898929219,0.03496733195523159,-0.03496733195523159
2009-12,-0.10859768594357923,0.10859768594357923,-0.08261634860891909,0.08261634860891909,0.02598133733466014,-0.02598133733466014
2009-11,-0.06692552004790434,0.06692552004790434,0.013464592101933013,-0.013464592101933013,0.08039011214983735,-0.08039011214983735
2009-10,0.06732394426868736,-0.06732394426868736,0.05159850299265021,-0.05159850299265021,-0.015725441276037155,0.015725441276037155
2009-09,-0.027735306215589506,0.027735306215589506,-0.12462464528554489,0.12462464528554489,-0.09688933906995538,0.09688933906995538
2009-08,-0.05386839573935412,0.05386839573935412,0.08754943490210135,-0.08754943490210135,0.14141783064145547,-0.14141783064145547
2009-07,-0.21675445045549843,0.21675445045549843,0.02044427110900607,-0.02044427110900607,0.2371987215645045,-0.2371987215645045
2009-06,-0.12939051852655867,0.12939051852655867,0.02733620639392125,-0.02733620639392125,0.15672672492047993,-0.15672672492047993
2009-05,-0.012221295574964142,0.012221295574964142,-0.005073162248360568,0.005073162248360568,0.007148133326603573,-0.007148133326603573
2009-04,-0.08335546201137321,0.08335546201137321,0.06315146704860976,-0.06315146704860976,0.14650692905998297,-0.14650692905998297
2009-03,-0.24270182694940282,0.24270182694940282,0.0987772004022083,-0.0987772004022083,0.3414790273516111,-0.3414790273516111
2009-02,-0.07936481019973537,0.07936481019973537,0.060434946314536886,-0.060434946314536886,0.13979975651427226,-0.13979975651427226
2009-01,0.14681899537332788,-0.14681899537332788,-0.08350028988209841,0.08350028988209841,-0.23031928525542628,0.23031928525542628
2008-12,0.06024463587128499,-0.06024463587128499,-0.07770367288632805,0.07770367288632805,-0.13794830875761305,0.13794830875761305
2008-11,0.05823765037223745,-0.05823765037223745,0.037072013317934124,-0.037072013317934124,-0.021165637054303323,0.021165637054303323
2008-10,0.08239270886801,-0.08239270886801,-0.18003752870181935,0.18003752870181935,-0.26243023756982936,0.26243023756982936
2008-09,0.04816087434532845,-0.04816087434532845,-0.3501391139610727,0.3501391139610727,-0.3982999883064012,0.3982999883064012
2008-08,-0.13510014011854926,0.13510014011854926,-0.2937427961483676,0.2937427961483676,-0.15864265602981836,0.15864265602981836
2008-07,-0.08352878413176387,0.08352878413176387,-0.0506786981000348,0.0506786981000348,0.032850086031729064,-0.032850086031729064
2008-06,-0.09448715992670714,0.09448715992670714,-0.06345928217698171,0.06345928217698171,0.03102787774972543,-0.03102787774972543
2008-05,0.08799714745633892,-0.08799714745633892,-0.10565789888514031,0.10565789888514031,-0.19365504634147923,0.19365504634147923
2008-04,-0.013343640016135569,0.013343640016135569,0.04209988803044928,-0.04209988803044928,0.055443528046584846,-0.055443528046584846
2008-03,0.019606770709664857,-0.019606770709664857,0.022110693289288677,-0.022110693289288677,0.0025039225796238216,-0.0025039225796238216
2008-02,-0.07493655557544324,0.07493655557544324,-0.026019595644712054,0.026019595644712054,0.048916959930731176,-0.048916959930731176
2008-01,0.05596630283240533,-0.05596630283240533,-0.005783595894529938,0.005783595894529938,-0.061749898726935266,0.061749898726935266
2007-12,-0.14164656234377643,0.14164656234377643,-0.16738154507891936,0.16738154507891936,-0.02573498273514293,0.02573498273514293
2007-11,0.009934120860091076,-0.009934120860091076,-0.005325151421605188,0.005325151421605188,-0.015259272281696263,0.015259272281696263
2007-10,0.020871157669306056,-0.020871157669306056,-0.13477093024698697,0.13477093024698697,-0.15564208791629303,0.15564208791629303
2007-09,0.00453537085343899,-0.00453537085343899,0.017382095045607615,-0.017382095045607615,0.012846724192168625,-0.012846724192168625
2007-08,0.022817122150554217,-0.022817122150554217,0.05763506476942755,-0.05763506476942755,0.03481794261887333,-0.03481794261887333
2007-07,0.07462195478587122,-0.07462195478587122,0.011554695889057531,-0.011554695889057531,-0.0630672588968137,0.0630672588968137
2007-06,0.029233490274084936,-0.029233490274084936,-0.04470241490370565,0.04470241490370565,-0.07393590517779058,0.07393590517779058
2007-05,0.0029360932721630775,-0.0029360932721630775,-0.030905341008346396,0.030905341008346396,-0.03384143428050947,0.03384143428050947
2007-04,0.03010980755304629,-0.03010980755304629,0.02306045229203482,-0.02306045229203482,-0.007049355261011474,0.007049355261011474
2007-03,0.007536095119221117,-0.007536095119221117,0.018818615985926046,-0.018818615985926046,0.011282520866704929,-0.011282520866704929
2007-02,0.02828779364603788,-0.02828779364603788,0.05295672244585376,-0.05295672244585376,0.02466892879981588,-0.02466892879981588
2007-01,0.03947663410869079,-0.03947663410869079,0.020722393965030537,-0.020722393965030537,-0.018754240143660256,0.018754240143660256
2006-12,0.05786242928902058,-0.05786242928902058,0.04221025372524189,-0.04221025372524189,-0.01565217556377869,0.01565217556377869
2006-11,0.01578755350400204,-0.01578755350400204,0.013541899759921231,-0.013541899759921231,-0.0022456537440808102,0.0022456537440808102
2006-10,-0.03096532619537807,0.03096532619537807,0.013472292238817967,-0.013472292238817967,0.04443761843419604,-0.04443761843419604
2006-09,-0.04665416926412816,0.04665416926412816,0.03126008055947539,-0.03126008055947539,0.07791424982360355,-0.07791424982360355
2006-08,-0.11367254803317943,0.11367254803317943,-0.023252578818591604,0.023252578818591604,0.09041996921458782,-0.09041996921458782
2006-07,-0.04785794582354321,0.04785794582354321,0.006651270460489271,-0.006651270460489271,0.054509216284032484,-0.054509216284032484
2006-06,-0.01362585555793909,0.01362585555793909,-0.10215627858116452,0.10215627858116452,-0.08853042302322543,0.08853042302322543
2006-05,-0.01651303103723025,0.01651303103723025,-0.04206945060808007,0.04206945060808007,-0.025556419570849816,0.025556419570849816
2006-04,-0.028353309883815125,0.028353309883815125,-0.10382423474577147,0.10382423474577147,-0.07547092486195635,0.07547092486195635
2006-03,0.004046214174426788,-0.004046214174426788,0.01201088454158468,-0.01201088454158468,0.007964670367157891,-0.007964670367157891
2006-02,-0.03475920523999038,0.03475920523999038,0.035281711408726234,-0.035281711408726234,0.07004091664871662,-0.07004091664871662
2006-01,-0.0013351325488517576,0.0013351325488517576,0.0072232246518093126,-0.0072232246518093126,0.00855835720066107,-0.00855835720066107
2005-12,-0.06046916420911319,0.06046916420911319,0.11196510557158262,-0.11196510557158262,0.17243426978069581,-0.17243426978069581
2005-11,-0.08326760136474697,0.08326760136474697,-0.07176847008959758,0.07176847008959758,0.011499131275149383,-0.011499131275149383
2005-10,0.09925965485881275,-0.09925965485881275,0.08723229549762987,-0.08723229549762987,-0.012027359361182884,0.012027359361182884
2005-09,-0.039715244574365385,0.039715244574365385,-0.09346274696203993,0.09346274696203993,-0.05374750238767455,0.05374750238767455
2005-08,-0.011182464902540185,0.011182464902540185,0.020370064038434298,-0.020370064038434298,0.03155252894097448,-0.03155252894097448
2005-07,-0.06669097168857312,0.06669097168857312,-0.10062767116245899,0.10062767116245899,-0.033936699473885876,0.033936699473885876
2005-06,0.0008533901658799581,-0.0008533901658799581,0.07418078317532843,-0.07418078317532843,0.07332739300944847,-0.07332739300944847
2005-05,-0.007251513964508755,0.007251513964508755,0.02452172473925875,-0.02452172473925875,0.031773238703767505,-0.031773238703767505
2005-04,0.007962049775124491,-0.007962049775124491,0.10007487499518938,-0.10007487499518938,0.09211282522006489,-0.09211282522006489
2005-03,-0.09646660882819809,0.09646660882819809,-0.17454242123922123,0.17454242123922123,-0.07807581241102314,0.07807581241102314
2005-02,-0.025292247288186007,0.025292247288186007,-0.1244227790609875,0.1244227790609875,-0.0991305317728015,0.0991305317728015
2005-01,0.08169768086828992,-0.08169768086828992,0.04698423320726346,-0.04698423320726346,-0.034713447661026464,0.034713447661026464
2004-12,0.061603713533052315,-0.061603713533052315,-0.034263414691322644,0.034263414691322644,-0.09586712822437496,0.09586712822437496
2004-11,-0.059089586164086036,0.059089586164086036,0.023166965861756827,-0.023166965861756827,0.08225655202584287,-0.08225655202584287
2004-10,-0.03470307486031564,0.03470307486031564,0.08173070600175394,-0.08173070600175394,0.11643378086206958,-0.11643378086206958
2004-09,-0.1524091738007017,0.1524091738007017,-0.05680517205057333,0.05680517205057333,0.09560400175012837,-0.09560400175012837
2004-08,0.0015577055708688586,-0.0015577055708688586,0.05067559323865796,-0.05067559323865796,0.0491178876677891,-0.0491178876677891
2004-07,0.08000108107040912,-0.08000108107040912,-0.01965013476575375,0.01965013476575375,-0.09965121583616288,0.09965121583616288
2004-06,0.04750900979828811,-0.04750900979828811,-0.11999909635690069,0.11999909635690069,-0.1675081061551888,0.1675081061551888
2004-05,-0.06595611691769301,0.06595611691769301,-0.04828740527473836,0.04828740527473836,0.01766871164295465,-0.01766871164295465
2004-04,0.07272836439491015,-0.07272836439491015,0.05168573251318203,-0.05168573251318203,-0.02104263188172812,0.02104263188172812
2004-03,-0.04346313032527263,0.04346313032527263,-0.11396506019230797,0.11396506019230797,-0.07050192986703534,0.07050192986703534
2004-02,-0.04807369981502677,0.04807369981502677,-0.03920147070104963,0.03920147070104963,0.008872229113977144,-0.008872229113977144
2004-01,0.02081855233753592,-0.02081855233753592,0.0029448225925884897,-0.0029448225925884897,-0.01787372974494743,0.01787372974494743
2003-12,-0.2033916265969856,0.2033916265969856,-0.023199076922757356,0.023199076922757356,0.18019254967422824,-0.18019254967422824
2003-11,-0.13764980665924212,0.13764980665924212,-0.03339966413863467,0.03339966413863467,0.10425014252060745,-0.10425014252060745
2003-10,0.026801935387415172,-0.026801935387415172,0.026450961066478346,-0.026450961066478346,-0.000350974320936825,0.000350974320936825
2003-09,-0.004423679119139726,0.004423679119139726,0.09942218728958356,-0.09942218728958356,0.10384586640872329,-0.10384586640872329
2003-08,0.004699345962751095,-0.004699345962751095,0.005705999504233557,-0.005705999504233557,0.0010066535414824617,-0.0010066535414824617
2003-07,-0.05541730486770463,0.05541730486770463,0.028146370712508372,-0.028146370712508372,0.083563675580213,-0.083563675580213
2003-06,0.02277652687250997,-0.02277652687250997,0.05042695343036746,-0.05042695343036746,0.02765042655785749,-0.02765042655785749
2003-05,-0.05268166988509729,0.05268166988509729,0.009845113496503532,-0.009845113496503532,0.06252678338160082,-0.06252678338160082
2003-04,-0.13970160014762062,0.13970160014762062,0.09041944009457895,-0.09041944009457895,0.23012104024219956,-0.23012104024219956
2003-03,-0.12381773500188337,0.12381773500188337,0.08932973658092802,-0.08932973658092802,0.2131474715828114,-0.2131474715828114
2003-02,0.017631260698746282,-0.017631260698746282,0.04170705105336965,-0.04170705105336965,0.02407579035462337,-0.02407579035462337
2003-01,-0.023895446529836453,0.023895446529836453,-0.03216617666495728,0.03216617666495728,-0.008270730135120828,0.008270730135120828
2002-12,-0.049345107899032736,0.049345107899032736,-0.020214013903641328,0.020214013903641328,0.029131093995391412,-0.029131093995391412
2002-11,0.13399851134499818,-0.13399851134499818,-0.030251178214748927,0.030251178214748927,-0.16424968955974711,0.16424968955974711
2002-10,-0.23816504396848365,0.23816504396848365,0.07824250219251096,-0.07824250219251096,0.3164075461609946,-0.3164075461609946
2002-09,-0.13073883907681516,0.13073883907681516,-0.03556322043172733,0.03556322043172733,0.09517561864508785,-0.09517561864508785
2002-08,0.1308121821005744,-0.1308121821005744,-0.07786407608105606,0.07786407608105606,-0.20867625818163046,0.20867625818163046
2002-07,-0.05002777488892232,0.05002777488892232,-0.03784994971934523,0.03784994971934523,0.012177825169577088,-0.012177825169577088
2002-06,0.04287715871475725,-0.04287715871475725,-0.14295257905124956,0.14295257905124956,-0.1858297377660068,0.1858297377660068
2002-05,0.1797473534230496,-0.1797473534230496,-0.05113815832584785,0.05113815832584785,-0.23088551174889743,0.23088551174889743
2002-04,-0.07313867723021894,0.07313867723021894,-0.08436903800417221,0.08436903800417221,-0.011230360773953268,0.011230360773953268
2002-03,-0.009048843056444461,0.009048843056444461,-0.06827424426173613,0.06827424426173613,-0.05922540120529167,0.05922540120529167
2002-02,-0.06054411972292001,0.06054411972292001,0.04774967544928223,-0.04774967544928223,0.10829379517220224,-0.10829379517220224
2002-01,-0.018125528491281184,0.018125528491281184,-0.08344604016934967,0.08344604016934967,-0.06532051167806849,0.06532051167806849
2001-12,-0.06452680716503933,0.06452680716503933,0.004914009648174064,-0.004914009648174064,0.0694408168132134,-0.0694408168132134
2001-11,-0.09858688773965096,0.09858688773965096,0.06133191535463181,-0.06133191535463181,0.15991880309428277,-0.15991880309428277
2001-10,-0.06281572629439167,0.06281572629439167,0.03414934320890207,-0.03414934320890207,0.09696506950329374,-0.09696506950329374
2001-09,0.0390025903604824,-0.0390025903604824,0.06937149136885809,-0.06937149136885809,0.030368901008375696,-0.030368901008375696
2001-08,0.02000136005630676,-0.02000136005630676,-0.1620366426236282,0.1620366426236282,-0.18203800267993497,0.18203800267993497
2001-07,-0.021181906656639216,0.021181906656639216,-0.09101138218914101,0.09101138218914101,-0.0698294755325018,0.0698294755325018
2001-06,0.10106746795463703,-0.10106746795463703,0.029183823342052242,-0.029183823342052242,-0.07188364461258478,0.07188364461258478
2001-05,-0.1106717317894444,0.1106717317894444,-0.11917231655426151,0.11917231655426151,-0.008500584764817114,0.008500584764817114
2001-04,-0.023773331081610255,0.023773331081610255,0.05053287677304316,-0.05053287677304316,0.07430620785465342,-0.07430620785465342
2001-03,0.0007267579352318726,-0.0007267579352318726,0.09192373816574842,-0.09192373816574842,0.09119698023051655,-0.09119698023051655
2001-02,-0.08426544338339101,0.08426544338339101,-0.14189613181546765,0.14189613181546765,-0.057630688432076645,0.057630688432076645
2001-01,-0.016106295161472495,0.016106295161472495,-0.1276565539405951,0.1276565539405951,-0.11155025877912261,0.11155025877912261
2000-12,-0.29797881703946905,0.29797881703946905,0.01120852344250629,-0.01120852344250629,0.3091873404819753,-0.3091873404819753
2000-11,0.15539541068363508,-0.15539541068363508,0.07825672917626283,-0.07825672917626283,-0.07713868150737224,0.07713868150737224
2000-10,-0.03471896296358459,0.03471896296358459,-0.24521542583546527,0.24521542583546527,-0.21049646287188067,0.21049646287188067
2000-09,0.0037504324912271264,-0.0037504324912271264,-0.0645075151277724,0.0645075151277724,-0.06825794761899953,0.06825794761899953
2000-08,-0.08140979494604203,0.08140979494604203,-0.12199949675005603,0.12199949675005603,-0.04058970180401401,0.04058970180401401
2000-07,0.039219565388644954,-0.039219565388644954,0.08721975021027793,-0.08721975021027793,0.04800018482163298,-0.04800018482163298
2000-06,-0.06749702557083048,0.06749702557083048,-0.14633740081256522,0.14633740081256522,-0.07884037524173473,0.07884037524173473
2000-05,0.2241596847880098,-0.2241596847880098,0.1629140400395247,-0.1629140400395247,-0.0612456447484851,0.0612456447484851
2000-04,-0.1273112853225618,0.1273112853225618,-0.21405549094158724,0.21405549094158724,-0.08674420561902543,0.08674420561902543
2000-03,-0.316745557151131,0.316745557151131,-0.28197564811800485,0.28197564811800485,0.03476990903312617,-0.03476990903312617
2000-02,-0.21189615666387923,0.21189615666387923,-0.20101698840969762,0.20101698840969762,0.010879168254181623,-0.010879168254181623
